p,m,n,q,df,distribution,method,convergence,a,F,average RMSE,avereage SE BIAS,T,T_SB,T_MVA,RMSE.alpha1,RMSE.alpha2,RMSE.beta1,RMSE.beta2,RMSE.gamma1,RMSE.gamma2,RMSE.gamma3,RMSE.psi11,RMSE.psi22,RMSE.psi33,RMSE.phi11,RMSE.phi12,RMSE.phi22,BIAS.alpha1,BIAS.alpha2,BIAS.beta1,BIAS.beta2,BIAS.gamma1,BIAS.gamma2,BIAS.gamma3,BIAS.psi11,BIAS.psi22,BIAS.psi33,BIAS.phi11,BIAS.phi12,BIAS.phi22,SE BIAS.alpha1,SE BIAS.alpha2,SE BIAS.beta1,SE BIAS.beta2,SE BIAS.gamma1,SE BIAS.gamma2,SE BIAS.gamma3,SE BIAS.psi11,SE BIAS.psi22,SE BIAS.psi33,SE BIAS.phi11,SE BIAS.phi12,SE BIAS.phi22
3,2,100,24,11,Norm,gammaN.model,1,0.93,0.112650243,0.298753793,0.048410011,0.037,0.043,0.035,0.022151093,0.030390694,0.191800315,0.104856138,0.357002277,0.159776361,0.144743653,0.568531688,0.371768445,0.905245516,0.203774218,0.40067315,0.423085756,0.000295071,0.001009019,0.008694181,0.010569568,-0.002281772,0.004871874,0.005785563,-0.011785917,-0.034553881,-0.036422816,-0.033783509,-0.013128676,-0.028950235,-0.025735464,-0.008568059,-0.08054325,-0.062232151,-0.067813196,-0.059609166,-0.047194213,-0.054784605,-0.038417362,-0.028491823,-0.050368549,-0.040331601,-0.065240701
3,2,100,24,11,Norm,gammaN.s,1,1,0.105677754,0.302574278,0.019595562,0.02,0.024,0.018,0.022149482,0.030409769,0.20158586,0.109764498,0.360313793,0.163540807,0.145887532,0.56487284,0.377831564,0.884565424,0.227216132,0.418319151,0.427008758,0.000284809,0.000985768,0.009000462,0.012964058,-0.003565221,0.004479923,0.006911496,-0.051835142,-0.077893934,-0.063653768,-0.080605733,-0.074201773,-0.071693665,-0.016460618,0.001266335,-0.054892606,-0.025921988,-0.003198324,-0.012834904,0.018061705,0.00861714,0.021262039,0.039162921,-0.032863913,0.013517363,-0.006682453
3,2,100,24,11,Norm,ridgeI,1,0.83,0.541963254,0.319101492,0.123141256,0.974,0.081,0.075,0.023324218,0.031396038,0.207895787,0.114519604,0.374957915,0.175973049,0.157841433,0.596895391,0.400738631,0.959000682,0.231625603,0.432685198,0.441465847,0.000562255,0.000932961,-0.005566246,0.004067148,0.010043947,0.017719141,0.017466002,-0.046841281,-0.071950232,-0.064991777,-0.075289936,-0.059316051,-0.059429828,-0.1145449,-0.071748997,-0.16162031,-0.147706809,-0.138089623,-0.15596246,-0.123197819,-0.119932765,-0.103963964,-0.086031202,-0.145696157,-0.11382607,-0.118515254
3,2,100,24,11,Norm,ridgeD,1,0.01,0.116257056,0.324975099,0.147074288,0.06,0.095,0.093,0.023787898,0.03162111,0.210661847,0.117432037,0.384479097,0.176731611,0.158681489,0.609044755,0.407437991,0.961063431,0.238746357,0.452950152,0.452038517,0.000482045,0.001162385,0.008078803,0.013374737,-0.004378892,0.003568391,0.006294267,-0.047401675,-0.071767358,-0.06251737,-0.081287508,-0.072299903,-0.070388006,-0.138519858,-0.093636294,-0.183387277,-0.18083549,-0.153700382,-0.164090906,-0.144555665,-0.147901023,-0.13479758,-0.110238304,-0.168331812,-0.149876747,-0.142094413
3,2,100,24,11,Norm,gls.model,1,1,0.1113034,0.298935999,0.028429865,0.034,0.039,0.027,0.022114559,0.030438208,0.191824092,0.104685229,0.356971185,0.159633543,0.144732231,0.569501562,0.371923165,0.908175938,0.202920535,0.399651127,0.423596614,0.000282526,0.000999438,0.00871389,0.010308665,-0.002136001,0.005007349,0.005884161,-0.00871851,-0.031194951,-0.034325443,-0.030151657,-0.008200254,-0.025670962,-0.01641209,-0.001547837,-0.059020508,-0.035957022,-0.04683231,-0.040578929,-0.026858566,-0.035240245,-0.018537542,-0.007276951,-0.021867479,-0.013462654,-0.045996111
3,2,100,24,11,Norm,gls.s,1,1,0.105677754,0.302574278,0.019595562,0.02,0.024,0.018,0.022149482,0.030409769,0.20158586,0.109764498,0.360313793,0.163540807,0.145887532,0.56487284,0.377831564,0.884565424,0.227216132,0.418319151,0.427008758,0.000284809,0.000985768,0.009000462,0.012964058,-0.003565221,0.004479923,0.006911496,-0.051835142,-0.077893934,-0.063653768,-0.080605733,-0.074201773,-0.071693665,-0.016460618,0.001266335,-0.054892606,-0.025921988,-0.003198324,-0.012834904,0.018061705,0.00861714,0.021262039,0.039162921,-0.032863913,0.013517363,-0.006682453
3,2,100,24,11,Norm,ls,0.941,1,19.77154501,1.43508638,0.869775217,1,0.149840595,0.059511158,0.022878965,0.036248067,0.193052673,0.113976013,2.564187367,2.265592334,1.656620067,0.959987664,2.69520803,6.717368904,0.232967862,0.553816557,0.644218441,-2.21E-06,0.001643963,0.006578263,0.013424707,0.805567906,0.692344068,0.623043471,-0.085446967,-0.325351613,-0.583083204,-0.049827952,-0.042157536,-0.094030223,-0.6729987,-0.459431689,-0.859893231,-0.765521203,-0.969835671,-0.960125374,-0.949230739,-0.968284863,-0.959719627,-0.949936343,-0.944294084,-0.924791064,-0.923015231
3,2,100,24,11,Norm,wls,1,0,0.127486327,0.328500719,0.162162357,0.105,0.105,0.105,0.024038921,0.031960359,0.214058197,0.119243016,0.393950932,0.180164881,0.162807995,0.615226742,0.416704435,0.954744887,0.241345886,0.457260448,0.459002649,0.000517723,0.001265506,0.009450607,0.014300195,-0.00621542,0.002629453,0.00562638,-0.051861455,-0.082571078,-0.06285828,-0.082459959,-0.073692089,-0.074746977,-0.147852192,-0.10401342,-0.19409088,-0.191634713,-0.169793137,-0.182132813,-0.169033181,-0.16061526,-0.156529363,-0.129639564,-0.179528806,-0.164429086,-0.158818228
3,2,100,24,11,Norm,fites,1,NA,0.193643391,0.299224163,0.048456716,0.05,0.054,0.04,0.022114283,0.030438786,0.191817193,0.104689649,0.356936141,0.15968559,0.144727351,0.568985475,0.369848085,0.9070692,0.204339067,0.399662246,0.429601056,0.000282969,0.000999093,0.008711075,0.010314304,-0.002132783,0.004980634,0.005923764,0.002421221,-0.020965095,-0.023072474,-0.032345541,-0.002499004,-0.031215405,-0.021122789,-0.007218814,-0.076873062,-0.057349166,-0.066118991,-0.05643743,-0.045414974,-0.061948055,-0.041895417,-0.03668257,-0.047793361,-0.041360265,-0.069722412
3,2,100,24,11,Norm,fiteu,1,NA,0.193643391,0.299224163,0.059756493,0.05,0.061,0.043,0.022114283,0.030438786,0.191817193,0.104689649,0.356936141,0.15968559,0.144727351,0.568985475,0.369848085,0.9070692,0.204339067,0.399662246,0.429601056,0.000282969,0.000999093,0.008711075,0.010314304,-0.002132783,0.004980634,0.005923764,0.002421221,-0.020965095,-0.023072474,-0.032345541,-0.002499004,-0.031215405,-0.021353905,-0.007479223,-0.100646435,-0.078112889,-0.069650405,-0.065871783,-0.049737165,-0.074160297,-0.055555365,-0.049059964,-0.066742973,-0.056234173,-0.082229829
3,2,100,24,11,Norm,fitos,1,NA,0.193643391,0.299224163,0.011697396,0.05,0.126,0.097,0.022114283,0.030438786,0.191817193,0.104689649,0.356936141,0.15968559,0.144727351,0.568985475,0.369848085,0.9070692,0.204339067,0.399662246,0.429601056,0.000282969,0.000999093,0.008711075,0.010314304,-0.002132783,0.004980634,0.005923764,0.002421221,-0.020965095,-0.023072474,-0.032345541,-0.002499004,-0.031215405,-0.019908455,-0.005960302,-0.005177989,0.005375375,-0.030767384,-0.004403374,-0.007531943,-0.025413936,0.003506341,0.002100735,0.009348926,0.002443547,-0.030127846
3,2,100,24,11,Elliptical,gammaN.model,1,0.84,0.171292364,0.385763073,0.106619736,0.303,0.043,0.023,0.020772967,0.029490379,0.239966851,0.130805641,0.444903688,0.201072095,0.184924699,0.7332827,0.506332692,1.127264983,0.306579514,0.531209324,0.558314418,0.00013364,0.000858865,0.009194077,0.010105979,-0.014771696,0.003868278,-0.00205853,-0.094031766,-0.137513661,-0.11410777,-0.121906095,-0.100278423,-0.130325252,-0.038194433,-0.05691698,-0.139042291,-0.118521155,-0.108320602,-0.131925177,-0.117912382,-0.121322247,-0.105730479,-0.08489679,-0.137367183,-0.118340849,-0.107565996
3,2,100,24,11,Elliptical,gammaN.s,1,0.77,0.134410601,0.398719708,0.094334468,0.089,0.017,0.009,0.020821873,0.029574306,0.248537797,0.136379443,0.451263616,0.205277601,0.188852071,0.7529232,0.529883965,1.119764583,0.348249069,0.573497053,0.578331624,4.30E-05,0.000796021,0.008009546,0.011290107,-0.015282972,0.00467264,-0.001414286,-0.146989406,-0.182461021,-0.156408423,-0.171552839,-0.168784933,-0.175547708,-0.04312695,-0.062339302,-0.125994617,-0.110613368,-0.080471435,-0.112278104,-0.096369086,-0.106051861,-0.08799102,-0.056560115,-0.145542024,-0.107762905,-0.091247292
3,2,100,24,11,Elliptical,ridgeI,1,0.92,0.968796596,0.422544567,0.133505553,0.999,0.058,0.045,0.020932472,0.02943146,0.258547714,0.141716038,0.456653626,0.220409113,0.205004788,0.778732841,0.582123507,1.219018233,0.385673882,0.592736132,0.602099561,0.000378656,0.001147952,-0.020971216,-0.006592378,0.032212623,0.037866607,0.030299635,-0.177367587,-0.217598771,-0.194948156,-0.205066519,-0.18463868,-0.200701178,-0.082581087,-0.070342305,-0.167882635,-0.139184971,-0.152601985,-0.168070257,-0.146502161,-0.140293793,-0.129116691,-0.09305331,-0.181218232,-0.15092331,-0.113801448
3,2,100,24,11,Elliptical,ridgeD,1,0.01,0.11010729,0.434477785,0.159939348,0.029,0.075,0.072,0.021326357,0.029429498,0.255089526,0.140483649,0.466531889,0.21972272,0.210770531,0.793207611,0.610317399,1.21005051,0.420013421,0.629240638,0.642027458,8.04E-05,0.001363821,0.005541422,0.009990429,-0.001829831,0.007107462,0.004895572,-0.190338141,-0.235297146,-0.198625086,-0.230313817,-0.215109369,-0.234313876,-0.118716873,-0.106983288,-0.181249974,-0.163296518,-0.157303287,-0.185457308,-0.208405279,-0.163925837,-0.161563401,-0.107468101,-0.205811905,-0.177152637,-0.141877118
3,2,100,24,11,Elliptical,gls.model,1,1,0.194313707,0.435136775,0.287456604,0.386,0.032,0.014,0.021808539,0.030875745,0.272043511,0.148854356,0.491591958,0.218253634,0.200475596,0.839575805,0.552109398,1.316198595,0.344065716,0.584593684,0.636331542,0.000187452,0.000383745,0.011616331,0.01072011,-0.016184382,0.003597451,-0.002818844,-0.043023847,-0.05568298,-0.077494373,-0.035658071,-0.012644248,-0.043485696,-0.017514615,-0.036323872,-0.339343066,-0.32875136,-0.305564353,-0.305301059,-0.301514546,-0.336167771,-0.335093658,-0.297910139,-0.431165447,-0.336566604,-0.365719354
3,2,100,24,11,Elliptical,gls.s,1,1,0.172661037,0.421191742,0.216939502,0.306,0.016,0.006,0.021919761,0.030804,0.265012746,0.145427607,0.499783979,0.221131927,0.201955422,0.808321731,0.540494464,1.19978094,0.341794685,0.596881298,0.602184087,0.000170016,0.000369092,0.008608603,0.012883434,-0.017466636,0.003794058,8.33E-07,-0.115172891,-0.141354188,-0.125231981,-0.131470002,-0.13457716,-0.133051616,-0.018625217,-0.029653899,-0.249941665,-0.23738536,-0.243751962,-0.247202668,-0.237812622,-0.265154072,-0.244848234,-0.207017317,-0.323226512,-0.255514561,-0.260079437
3,2,100,24,11,Elliptical,ls,0.88,1,27.58427443,5.389467324,0.883923143,1,0.154545455,0.047727273,0.024551134,0.042935382,0.278133426,0.160958125,3.759849243,2.653889964,2.094502699,1.935046481,4.185824028,52.45512376,0.369178626,0.925821691,1.177260654,0.000702763,-1.68E-05,0.012789427,0.015634037,1.093032432,0.715176051,1.012527414,-0.190431455,-0.450134751,-0.908448275,-0.098617156,-0.082820853,-0.203027546,-0.660677601,-0.483446873,-0.89790165,-0.82670051,-0.96143319,-0.961354268,-0.957399622,-0.966935143,-0.964024092,-0.96135627,-0.956842235,-0.947590764,-0.945338648
3,2,100,24,11,Elliptical,wls,1,0,0.126894887,0.449826572,0.188638549,0.083,0.083,0.083,0.021686643,0.029853773,0.26630644,0.146521468,0.494588934,0.226393618,0.220562588,0.820767885,0.640756945,1.224799838,0.438275744,0.650021517,0.667210043,-3.57E-05,0.0015225,0.005684734,0.010598403,-0.008577794,0.006804166,0.000983903,-0.212621572,-0.25942896,-0.224207483,-0.241734122,-0.230588057,-0.24970071,-0.135384848,-0.122354306,-0.199890683,-0.187058003,-0.194615796,-0.218147807,-0.246804712,-0.189180669,-0.200132579,-0.157410389,-0.223714046,-0.202121836,-0.175485469
3,2,100,24,11,Elliptical,fites,1,NA,0.193643391,0.435605212,0.139942725,0.438,0.054,0.024,0.021807265,0.030875479,0.272021097,0.148834339,0.491598794,0.218222751,0.200462126,0.839242315,0.550343765,1.314191718,0.345670233,0.584681393,0.644916486,0.000186266,0.000386253,0.011598116,0.010730761,-0.016163541,0.003540701,-0.002817728,-0.032062164,-0.046249859,-0.066413883,-0.037718669,-0.006937421,-0.048917198,-0.026042952,-0.048109709,-0.176253942,-0.171253677,-0.15693984,-0.155300603,-0.146078678,-0.150094375,-0.139297101,-0.11240111,-0.221073462,-0.147404229,-0.169005741
3,2,100,24,11,Elliptical,fiteu,1,NA,0.193643391,0.435605212,0.18810352,0.438,0.088,0.034,0.021807265,0.030875479,0.272021097,0.148834339,0.491598794,0.218222751,0.200462126,0.839242315,0.550343765,1.314191718,0.345670233,0.584681393,0.644916486,0.000186266,0.000386253,0.011598116,0.010730761,-0.016163541,0.003540701,-0.002817728,-0.032062164,-0.046249859,-0.066413883,-0.037718669,-0.006937421,-0.048917198,-0.026047164,-0.048438968,-0.255697995,-0.240642109,-0.17036508,-0.184164369,-0.16383783,-0.207332403,-0.208843022,-0.174716383,-0.310750823,-0.215151598,-0.239358013
3,2,100,24,11,Elliptical,fitos,1,NA,0.193643391,0.435605212,0.034586223,0.438,0.243,0.153,0.021807265,0.030875479,0.272021097,0.148834339,0.491598794,0.218222751,0.200462126,0.839242315,0.550343765,1.314191718,0.345670233,0.584681393,0.644916486,0.000186266,0.000386253,0.011598116,0.010730761,-0.016163541,0.003540701,-0.002817728,-0.032062164,-0.046249859,-0.066413883,-0.037718669,-0.006937421,-0.048917198,-0.022033238,-0.044031173,-0.002756256,-0.020178995,-0.077475015,-0.039914713,-0.05937923,-0.044926234,-0.009403168,0.002165002,-0.062331067,-0.018775111,-0.046251695
3,2,100,24,11,Skew,gammaN.model,0.995,0.79,0.153408786,0.449075789,0.142345993,0.203015075,0.034170854,0.013065327,0.02167215,0.027504184,0.228000917,0.128199871,0.434927147,0.199886259,0.185161455,0.906151111,0.600668889,1.380282583,0.499331594,0.621649711,0.60454939,-0.004346246,-0.003630914,0.010404151,-0.000854238,-0.018107645,0.003437608,0.000223067,-0.208799587,-0.126478821,-0.272076595,-0.181294263,-0.201080076,-0.116808441,-0.110759231,-0.017098858,-0.131437596,-0.105187086,-0.123274304,-0.15635596,-0.150737059,-0.175449561,-0.225187006,-0.131378518,-0.231177207,-0.124686697,-0.167768827
3,2,100,24,11,Skew,gammaN.s,0.999,0.68,0.11244457,0.460969144,0.13947879,0.021021021,0.016016016,0.009009009,0.021768613,0.027467601,0.236224998,0.131785723,0.461070875,0.211543135,0.192899542,0.917428169,0.614859392,1.366723421,0.530418699,0.666952651,0.61345605,-0.004541782,-0.003679408,0.012370762,-0.000689448,-0.024527262,-0.001111753,-0.002196952,-0.243759428,-0.167339863,-0.290639713,-0.215227137,-0.246526043,-0.153833254,-0.117519213,-0.020347544,-0.127041909,-0.100242763,-0.136032959,-0.167693187,-0.157959818,-0.154898759,-0.214459048,-0.114908257,-0.232236563,-0.117660951,-0.152223295
3,2,100,24,11,Skew,ridgeI,0.997,0.89,0.68829094,0.510757892,0.168611646,0.997993982,0.047141424,0.03109328,0.022655456,0.028954883,0.282556533,0.156653219,0.529115817,0.251162426,0.280403521,0.983285896,0.652762043,1.505255522,0.603509668,0.720738188,0.622799419,-0.007877702,-0.005804243,-0.004071286,-0.011269573,0.010478199,0.049560226,0.03660406,-0.297915482,-0.218540108,-0.351728443,-0.284300411,-0.293299174,-0.194074572,-0.132526657,-0.054227389,-0.087914887,-0.046941172,-0.239910471,-0.235114397,-0.338242286,-0.186701422,-0.227811398,-0.131120802,-0.238784339,-0.126827516,-0.145828665
3,2,100,24,11,Skew,ridgeD,0.998,0.05,0.081366666,0.55418268,0.17016952,0.003006012,0.05511022,0.03507014,0.022887696,0.029071239,0.296290298,0.17402312,0.690494973,0.275197623,0.27495648,0.980070311,0.662915065,1.766192455,0.611169884,0.758098446,0.663007252,-0.00760018,-0.005889049,0.023764852,0.001479091,-0.003272387,0.021485736,0.015691207,-0.273807923,-0.185103363,-0.328152602,-0.292140839,-0.294989098,-0.200230605,-0.135480797,-0.046378262,-0.136642886,-0.096506712,-0.35389648,-0.223319119,-0.264528767,-0.151911199,-0.191093357,-0.13368862,-0.216473483,-0.122850478,-0.139433603
3,2,100,24,11,Skew,gls.model,1,1,0.178742028,0.540466583,0.349208907,0.312,0.032,0.005,0.022802131,0.029038799,0.26252942,0.145090315,0.497473242,0.225331204,0.201270718,1.120620156,0.772977046,1.659621182,0.646537673,0.709552842,0.733220854,-0.000561687,-0.000700952,0.000361324,-0.004678828,-0.014177454,0.000809984,0.000909422,-0.100577545,0.013257983,-0.176775844,-0.030649563,-0.064983564,-0.003586086,-0.078734525,0.012913217,-0.282592726,-0.271200663,-0.292490853,-0.293034582,-0.282311825,-0.476769467,-0.55798952,-0.380578842,-0.699285647,-0.434421387,-0.477392535
3,2,100,24,11,Skew,gls.s,1,1,0.159705436,0.514333794,0.292071573,0.249,0.015,0.005,0.02296857,0.02909345,0.257427397,0.14632008,0.50605234,0.227074527,0.203809195,1.032182128,0.732779069,1.545023896,0.582541949,0.70827012,0.692796595,-0.000540941,-0.000653042,0.006737061,-0.004277193,-0.016602699,0.001889963,-0.000527181,-0.167914619,-0.074635629,-0.224123219,-0.130720228,-0.179168073,-0.086403747,-0.08187172,0.01535845,-0.206498744,-0.206116724,-0.235741431,-0.239739364,-0.224618033,-0.393473758,-0.502520941,-0.306394881,-0.631279129,-0.344817454,-0.408499823
3,2,100,24,11,Skew,ls,0.851,1,23.63972757,3.938475619,0.888285225,1,0.129259694,0.030552291,0.028873417,0.048344824,0.270058112,0.170685327,5.767059091,2.624463786,2.212705038,1.751079694,4.00603342,31.74515771,0.59330187,0.868105259,1.114315506,0.001393133,-0.000610615,-0.005913006,-0.001221016,0.655929971,1.096841389,1.037086087,-0.13483203,-0.417685681,-0.870833894,-0.100636466,-0.115545289,-0.148535598,-0.708809824,-0.543807634,-0.875942986,-0.809002286,-0.95182902,-0.95690846,-0.949994718,-0.965897768,-0.960855366,-0.954800498,-0.974856457,-0.94550744,-0.949495475
3,2,100,24,11,Skew,wls,0.997,0,0.123326894,0.571963474,0.20557989,0.054162487,0.054162487,0.054162487,0.02461261,0.031473199,0.319594654,0.191388756,0.70650502,0.287285069,0.311728188,1.086710903,0.705545114,1.594562405,0.680726359,0.815312678,0.68008021,-0.010506215,-0.007341636,0.027631153,0.010197444,-0.045658266,0.012770197,-0.001965941,-0.367105035,-0.280853686,-0.416638527,-0.328171601,-0.350158734,-0.250133391,-0.142856451,-0.089783323,-0.050168372,-0.055185808,-0.356916752,-0.34477403,-0.416727398,-0.198474085,-0.254044148,-0.156550941,-0.272816791,-0.154468128,-0.179772346
3,2,100,24,11,Skew,fites,1,NA,0.193643391,0.541326112,0.211937567,0.351,0.053,0.013,0.022803001,0.029039,0.262516744,0.145079503,0.497016855,0.225350102,0.201245337,1.121135693,0.776681568,1.658364267,0.648765131,0.708757302,0.74048496,-0.000561844,-0.000700712,0.000369282,-0.004683808,-0.013913587,0.000853902,0.000909105,-0.09079989,0.023821969,-0.167756813,-0.03224414,-0.060193941,-0.007903418,-0.089909036,-0.000375126,-0.200624611,-0.190224067,-0.208983788,-0.212855817,-0.199450012,-0.268201852,-0.328749712,-0.213530647,-0.385869398,-0.213133356,-0.243280949
3,2,100,24,11,Skew,fiteu,1,NA,0.193643391,0.541326112,0.249038254,0.351,0.07,0.024,0.022803001,0.029039,0.262516744,0.145079503,0.497016855,0.225350102,0.201245337,1.121135693,0.776681568,1.658364267,0.648765131,0.708757302,0.74048496,-0.000561844,-0.000700712,0.000369282,-0.004683808,-0.013913587,0.000853902,0.000909105,-0.09079989,0.023821969,-0.167756813,-0.03224414,-0.060193941,-0.007903418,-0.08905456,7.52E-05,-0.258677432,-0.236630976,-0.21874837,-0.229939477,-0.211748287,-0.320719798,-0.380552568,-0.262819811,-0.450776964,-0.281704723,-0.296049123
3,2,100,24,11,Skew,fitos,1,NA,0.193643391,0.541326112,0.122588283,0.351,0.231,0.145,0.022803001,0.029039,0.262516744,0.145079503,0.497016855,0.225350102,0.201245337,1.121135693,0.776681568,1.658364267,0.648765131,0.708757302,0.74048496,-0.000561844,-0.000700712,0.000369282,-0.004683808,-0.013913587,0.000853902,0.000909105,-0.09079989,0.023821969,-0.167756813,-0.03224414,-0.060193941,-0.007903418,-0.087879452,0.001800735,-0.044300048,-0.062327217,-0.135308628,-0.116366449,-0.122581848,-0.167919587,-0.230251482,-0.109217829,-0.282911969,-0.090012613,-0.142769819
3,2,200,24,11,Norm,gammaN.model,1,1,0.055475698,0.207214983,0.017070512,0.047,0.049,0.043,0.015765242,0.020848062,0.133640689,0.074968478,0.237195287,0.111364138,0.098939107,0.392425155,0.257490514,0.643023113,0.143033334,0.280106573,0.28499509,0.00074991,-0.000508191,-0.003872447,-0.003962367,-0.002054018,0.000791557,-0.001758621,-0.001555911,-0.009481466,-0.026747119,-0.008735219,-0.005971604,-0.010697132,-0.015962958,0.035984033,-0.025214403,-0.032820915,0.019829649,-0.015953979,0.021543536,-0.002296511,-0.007766019,-0.003640648,-0.031879469,0.006424478,-0.002600061
3,2,200,24,11,Norm,gammaN.s,1,1,0.053940167,0.210558333,0.019537146,0.033,0.035,0.032,0.015764268,0.020842014,0.137830186,0.076750088,0.23923073,0.1124951,0.099206665,0.395153328,0.265064392,0.644628632,0.150160106,0.288540093,0.291592731,0.00075582,-0.000493071,-0.003700201,-0.00389899,-0.002560344,0.000998475,-0.001587238,-0.019311812,-0.037007544,-0.035888115,-0.036754355,-0.03817699,-0.035879632,-0.015565561,0.03665861,-0.028679374,-0.026782522,0.041791103,-0.001409155,0.04632597,0.003892448,-0.006584759,-0.002419489,-0.031058385,0.011981681,0.000833842
3,2,200,24,11,Norm,ridgeI,1,0.72,0.178661148,0.217359986,0.067680057,0.846,0.076,0.073,0.016134203,0.021749403,0.140764011,0.079175034,0.251707121,0.117147057,0.10299239,0.407212036,0.272055839,0.673757088,0.152637435,0.294727081,0.295621122,0.000653507,-0.000297288,-0.008940547,-0.008063932,0.002820787,0.003520579,0.000752996,-0.02226032,-0.032273449,-0.041184614,-0.03312581,-0.032874063,-0.0282967,-0.066293269,-0.031888597,-0.087390019,-0.096192951,-0.059387814,-0.084145053,-0.032548596,-0.064709178,-0.073702402,-0.065789739,-0.101596034,-0.054902302,-0.061294792
3,2,200,24,11,Norm,ridgeD,1,0.01,0.05509648,0.219481859,0.073897561,0.054,0.081,0.081,0.016139077,0.021721112,0.141656016,0.078711441,0.253679428,0.118028098,0.102972545,0.41119206,0.273128734,0.683036462,0.154102809,0.299641294,0.299255091,0.000696236,-0.000350444,-0.004949932,-0.004743205,-0.000945655,0.000485689,-0.000897419,-0.022978402,-0.028997561,-0.045133682,-0.034369583,-0.03844011,-0.031028881,-0.068241599,-0.035752797,-0.097640236,-0.099694783,-0.064330508,-0.089239718,-0.035551519,-0.073084862,-0.08080162,-0.072683072,-0.10872965,-0.063443612,-0.071474322
3,2,200,24,11,Norm,gls.model,1,1,0.055475698,0.207214983,0.017070512,0.047,0.049,0.043,0.015765242,0.020848062,0.133640689,0.074968478,0.237195287,0.111364138,0.098939107,0.392425155,0.257490514,0.643023113,0.143033334,0.280106573,0.28499509,0.00074991,-0.000508191,-0.003872447,-0.003962367,-0.002054018,0.000791557,-0.001758621,-0.001555911,-0.009481466,-0.026747119,-0.008735219,-0.005971604,-0.010697132,-0.015962958,0.035984033,-0.025214403,-0.032820915,0.019829649,-0.015953979,0.021543536,-0.002296511,-0.007766019,-0.003640648,-0.031879469,0.006424478,-0.002600061
3,2,200,24,11,Norm,gls.s,1,1,0.053940167,0.210558333,0.019537146,0.033,0.035,0.032,0.015764268,0.020842014,0.137830186,0.076750088,0.23923073,0.1124951,0.099206665,0.395153328,0.265064392,0.644628632,0.150160106,0.288540093,0.291592731,0.00075582,-0.000493071,-0.003700201,-0.00389899,-0.002560344,0.000998475,-0.001587238,-0.019311812,-0.037007544,-0.035888115,-0.036754355,-0.03817699,-0.035879632,-0.015565561,0.03665861,-0.028679374,-0.026782522,0.041791103,-0.001409155,0.04632597,0.003892448,-0.006584759,-0.002419489,-0.031058385,0.011981681,0.000833842
3,2,200,24,11,Norm,ls,0.977,1,12.44375526,0.769374169,0.879865195,1,0.13408393,0.055271238,0.016169573,0.022929771,0.134581699,0.082850526,1.562873062,1.281866647,1.313452155,0.570248802,0.93336911,3.150934182,0.164122062,0.369914862,0.398551744,0.00046756,-0.00028063,-0.005261756,-0.005132583,0.244382785,0.304091837,0.356364705,-0.035192877,-0.137243132,-0.361500363,-0.015997209,-0.026969845,-0.029683393,-0.701042353,-0.449729858,-0.85981905,-0.775997439,-0.981703385,-0.976955652,-0.97150839,-0.97755233,-0.972211151,-0.970614991,-0.950711771,-0.925814027,-0.924587137
3,2,200,24,11,Norm,wls,1,0,0.059544108,0.219618078,0.080904905,0.087,0.087,0.087,0.016179209,0.021812488,0.142682804,0.079206368,0.256320805,0.118856175,0.103524204,0.411266202,0.274003299,0.674920698,0.154255335,0.299954917,0.302052508,0.000712616,-0.000367224,-0.004343279,-0.004664777,-0.001301633,0.000611711,-0.000823177,-0.022471289,-0.035668335,-0.04268287,-0.035223611,-0.037405055,-0.034322058,-0.070840582,-0.040523964,-0.103302274,-0.104988098,-0.072587274,-0.098377837,-0.043412961,-0.080263419,-0.088181201,-0.084238695,-0.110313926,-0.071945384,-0.082788151
3,2,200,24,11,Norm,fites,1,NA,0.193643391,0.207276499,0.023269463,0.055,0.06,0.054,0.015765269,0.020848157,0.133641738,0.074968581,0.23719191,0.111376368,0.098950674,0.392231929,0.257414651,0.642352987,0.143354115,0.280025338,0.286472769,0.000749903,-0.000508192,-0.003871468,-0.003963379,-0.002011983,0.000803514,-0.001750399,0.003136721,-0.004779717,-0.022355065,-0.00969172,-0.003630637,-0.012954058,-0.018778577,0.032745345,-0.029427649,-0.046477235,0.012641486,-0.024568947,0.014077509,-0.017793824,-0.022981098,-0.015425128,-0.047940738,-0.003878096,-0.015767389
3,2,200,24,11,Norm,fiteu,1,NA,0.193643391,0.207276499,0.028434553,0.055,0.06,0.055,0.015765269,0.020848157,0.133641738,0.074968581,0.23719191,0.111376368,0.098950674,0.392231929,0.257414651,0.642352987,0.143354115,0.280025338,0.286472769,0.000749903,-0.000508192,-0.003871468,-0.003963379,-0.002011983,0.000803514,-0.001750399,0.003136721,-0.004779717,-0.022355065,-0.00969172,-0.003630637,-0.012954058,-0.018852603,0.032727219,-0.042334923,-0.056916328,0.011037545,-0.029172655,0.011529112,-0.023846472,-0.030720619,-0.021851696,-0.057280489,-0.010630928,-0.022748597
3,2,200,24,11,Norm,fitos,1,NA,0.193643391,0.207276499,0.014598889,0.055,0.088,0.072,0.015765269,0.020848157,0.133641738,0.074968581,0.23719191,0.111376368,0.098950674,0.392231929,0.257414651,0.642352987,0.143354115,0.280025338,0.286472769,0.000749903,-0.000508192,-0.003871468,-0.003963379,-0.002011983,0.000803514,-0.001750399,0.003136721,-0.004779717,-0.022355065,-0.00969172,-0.003630637,-0.012954058,-0.018476211,0.032990297,0.00918862,-0.014860771,0.031340436,0.00241,0.0345795,0.00049867,0.001151792,0.00378715,-0.018319964,0.017200431,0.00498172
3,2,200,24,11,Elliptical,gammaN.model,1,0.78,0.085259022,0.276523916,0.058278351,0.323,0.041,0.028,0.015042318,0.019976907,0.170327834,0.096514731,0.313173521,0.142449028,0.131147739,0.525861144,0.357754,0.827652864,0.216440936,0.384693271,0.393776613,0.000773131,-0.000234223,-0.001288466,-0.004725391,-0.004947129,0.000138569,-0.000518038,-0.081413345,-0.086008774,-0.103002008,-0.084454669,-0.093006953,-0.083966624,-0.032775948,0.013681211,-0.06905322,-0.082257479,-0.041911375,-0.067636093,-0.052994015,-0.061153019,-0.078394586,-0.038823027,-0.097638782,-0.043045864,-0.078253939
3,2,200,24,11,Elliptical,gammaN.s,1,0.71,0.071092916,0.284192691,0.05871797,0.14,0.03,0.021,0.015043344,0.019956501,0.176028546,0.098934253,0.318176881,0.1444409,0.132111757,0.533825292,0.37417759,0.834457388,0.235421016,0.405809503,0.406122017,0.000718433,-0.000280683,-0.000717252,-0.00505074,-0.004310692,0.000372682,-0.000691813,-0.10580874,-0.112621984,-0.119551209,-0.112016898,-0.128167785,-0.108050407,-0.035099632,0.012188018,-0.078805553,-0.082485698,-0.037388953,-0.062565168,-0.040635467,-0.056537391,-0.086618643,-0.042563743,-0.103503682,-0.042796589,-0.082145077
3,2,200,24,11,Elliptical,ridgeI,1,0.87,0.340167826,0.296951139,0.078546646,0.993,0.057,0.049,0.015161523,0.020555307,0.182051201,0.101629247,0.333031537,0.150879287,0.137308205,0.553100053,0.386429907,0.892067134,0.257922411,0.416404664,0.413824338,0.000513547,-0.000193674,-0.015786197,-0.014666231,0.006049331,0.009569669,0.006123411,-0.141605144,-0.136055463,-0.161575533,-0.13877423,-0.150668273,-0.125126063,-0.060982707,-0.023321048,-0.102832033,-0.092570295,-0.09906232,-0.106140075,-0.070707063,-0.064808213,-0.083804866,-0.057257773,-0.122400587,-0.045454182,-0.091765234
3,2,200,24,11,Elliptical,ridgeD,1,0,0.059117209,0.304588865,0.096797181,0.053,0.053,0.053,0.015136984,0.020585137,0.185333957,0.102277886,0.345150027,0.154148044,0.138373245,0.568641425,0.401920363,0.88436579,0.275231434,0.436622896,0.431868049,0.00052667,-0.000498348,-0.003568437,-0.006791261,-0.003815915,0.001340747,-0.001373798,-0.156063076,-0.159341339,-0.174097209,-0.156436519,-0.171699573,-0.150723732,-0.067599794,-0.043525672,-0.123672213,-0.113510153,-0.117333471,-0.128550999,-0.088958595,-0.090816666,-0.10097338,-0.080333969,-0.129599448,-0.065935797,-0.107553198
3,2,200,24,11,Elliptical,gls.model,0.999,1,0.107611392,0.324183224,0.302127398,0.478478478,0.04004004,0.022022022,0.015482791,0.020382841,0.187766765,0.106289559,0.353153386,0.158859197,0.14230555,0.641645926,0.44122105,1.01319789,0.226648207,0.437592519,0.469836232,0.000810965,-9.52E-05,0.002557969,-0.004752817,-0.007896127,-0.001437049,0.001583468,-0.012569136,-0.022409054,-0.033695594,-0.016625471,-0.014098743,-0.028936883,-0.007797712,0.045944369,-0.313248483,-0.321419777,-0.315853067,-0.312756968,-0.296086702,-0.388741394,-0.419203606,-0.370238733,-0.389822515,-0.357151733,-0.389391119
3,2,200,24,11,Elliptical,gls.s,1,1,0.099937259,0.312505426,0.257534371,0.427,0.034,0.011,0.015499754,0.020403055,0.184705873,0.104292108,0.347227177,0.156975578,0.141457325,0.607803328,0.424154391,0.936999963,0.235028434,0.440132277,0.447891269,0.000826229,-4.63E-05,0.002941964,-0.003823508,-0.006516163,-0.001505051,0.001792485,-0.062091273,-0.069646209,-0.073084097,-0.070415633,-0.086835388,-0.07135644,-0.007417553,0.046215949,-0.261864487,-0.266159327,-0.263703602,-0.268053313,-0.252348636,-0.325340867,-0.365950715,-0.297908937,-0.357434114,-0.30420222,-0.331347096
3,2,200,24,11,Elliptical,ls,0.923,1,20.3750234,1.358929903,0.890423046,1,0.167930661,0.069339112,0.016292225,0.025136635,0.192002241,0.119213012,2.751200216,2.349355246,1.631401091,1.212442685,2.44092411,5.385320396,0.275440492,0.60358225,0.663778133,0.000429359,0.00109649,0.000418494,-0.00783397,0.633874162,0.655499817,0.537921782,-0.117452129,-0.309072714,-0.505823067,-0.043770606,-0.069547669,-0.081025835,-0.676515569,-0.452916575,-0.899803895,-0.841034355,-0.977821837,-0.972479501,-0.970085435,-0.977243052,-0.971002947,-0.971747843,-0.966167794,-0.949326949,-0.949353838
3,2,200,24,11,Elliptical,wls,1,0,0.059117209,0.304588865,0.096797181,0.053,0.053,0.053,0.015136984,0.020585137,0.185333957,0.102277886,0.345150027,0.154148044,0.138373245,0.568641425,0.401920363,0.88436579,0.275231434,0.436622896,0.431868049,0.00052667,-0.000498348,-0.003568437,-0.006791261,-0.003815915,0.001340747,-0.001373798,-0.156063076,-0.159341339,-0.174097209,-0.156436519,-0.171699573,-0.150723732,-0.067599794,-0.043525672,-0.123672213,-0.113510153,-0.117333471,-0.128550999,-0.088958595,-0.090816666,-0.10097338,-0.080333969,-0.129599448,-0.065935797,-0.107553198
3,2,200,24,11,Elliptical,fites,1,NA,0.193643391,0.331226373,0.114846053,0.511,0.051,0.026,0.015478045,0.020403249,0.187672584,0.106592571,0.353082061,0.159068248,0.143096631,0.66692706,0.467133088,1.022677513,0.239632346,0.444972753,0.479206704,0.000820147,-5.95E-05,0.002552452,-0.00446021,-0.007510705,-0.001716236,0.001107332,-0.012975658,-0.012707582,-0.032420236,-0.015136914,-0.013936281,-0.028644248,-0.013008331,0.037345119,-0.085004296,-0.105130872,-0.092653771,-0.100159063,-0.076355194,-0.174016793,-0.229865452,-0.136217078,-0.166582089,-0.11855551,-0.158105123
3,2,200,24,11,Elliptical,fiteu,1,NA,0.193643391,0.331226373,0.150914325,0.511,0.072,0.033,0.015478045,0.020403249,0.187672584,0.106592571,0.353082061,0.159068248,0.143096631,0.66692706,0.467133088,1.022677513,0.239632346,0.444972753,0.479206704,0.000820147,-5.95E-05,0.002552452,-0.00446021,-0.007510705,-0.001716236,0.001107332,-0.012975658,-0.012707582,-0.032420236,-0.015136914,-0.013936281,-0.028644248,-0.012942895,0.037666771,-0.147539697,-0.156005433,-0.102877086,-0.123112908,-0.090864934,-0.221166048,-0.279857749,-0.18576473,-0.227415722,-0.170280015,-0.206392241
3,2,200,24,11,Elliptical,fitos,1,NA,0.193643391,0.331226373,0.050903951,0.511,0.158,0.085,0.015478045,0.020403249,0.187672584,0.106592571,0.353082061,0.159068248,0.143096631,0.66692706,0.467133088,1.022677513,0.239632346,0.444972753,0.479206704,0.000820147,-5.95E-05,0.002552452,-0.00446021,-0.007510705,-0.001716236,0.001107332,-0.012975658,-0.012707582,-0.032420236,-0.015136914,-0.013936281,-0.028644248,-0.0121451,0.037674174,0.037050165,-0.005462807,-0.036707157,-0.021889104,-0.0156104,-0.103172578,-0.147888972,-0.060861251,-0.063423433,-0.035238869,-0.084627357
3,2,200,24,11,Skew,gammaN.model,1,0.76,0.074475444,0.309355194,0.107181647,0.189,0.024,0.017,0.015916682,0.021355787,0.1654368,0.088501566,0.305438385,0.133193694,0.130948828,0.587200049,0.433308097,0.845229819,0.370374657,0.448081515,0.476631637,-0.002597408,-0.001861403,0.008553022,0.002953751,-0.001841776,0.003641168,-0.001456089,-0.118737024,-0.120196923,-0.128989747,-0.115193802,-0.11478942,-0.103556637,-0.105296406,-0.072507878,-0.097065571,-0.05984688,-0.093920247,-0.066822639,-0.105749161,-0.098350391,-0.129126601,-0.071005943,-0.215961903,-0.12925237,-0.148455418
3,2,200,24,11,Skew,gammaN.s,1,0.69,0.06046789,0.315133615,0.111633811,0.046,0.021,0.012,0.015967236,0.021333074,0.171931377,0.0896734,0.305520028,0.147206742,0.13384979,0.596448491,0.442656821,0.840722953,0.385110509,0.465698563,0.480618017,-0.002703498,-0.001840816,0.008658865,0.002505368,-0.003028465,0.002802007,-0.001316481,-0.138470264,-0.139283581,-0.139442179,-0.133615644,-0.139579686,-0.119706855,-0.108144064,-0.073136416,-0.117911319,-0.056578422,-0.080484631,-0.137173939,-0.106967854,-0.09313887,-0.126282323,-0.060667291,-0.223038001,-0.128145159,-0.139571246
3,2,200,24,11,Skew,ridgeI,1,0.94,0.573446988,0.333663381,0.109433468,1,0.053,0.033,0.016301584,0.021625474,0.171696044,0.093103842,0.368131113,0.170043659,0.149957706,0.622305887,0.458939387,0.895983931,0.40955956,0.47743878,0.48253699,-0.004805978,-0.003170729,-0.002916337,-0.005863382,0.014810209,0.026030659,0.010929256,-0.171483302,-0.164929923,-0.167585091,-0.186675875,-0.179253171,-0.142161973,-0.121459086,-0.075508814,-0.068282374,-0.010076434,-0.208466044,-0.168665167,-0.095053255,-0.104095574,-0.105513852,-0.062138714,-0.191374206,-0.091679627,-0.12032193
3,2,200,24,11,Skew,ridgeD,0.999,0.01,0.050186827,0.34918808,0.127626073,0.013013013,0.049049049,0.045045045,0.016804915,0.021236311,0.192479178,0.097695884,0.342390006,0.179943997,0.151039295,0.650419667,0.472030842,0.955876242,0.439471656,0.513685491,0.50637156,-0.005855641,-0.004150738,0.019678381,0.001701498,0.004911127,0.012788789,5.48E-05,-0.198574313,-0.179097614,-0.201459655,-0.213448394,-0.2100119,-0.172953449,-0.144741548,-0.087445482,-0.122674132,-0.040822733,-0.146894283,-0.235332139,-0.142525061,-0.112692309,-0.129173042,-0.051593703,-0.205049951,-0.108482726,-0.13171184
3,2,200,24,11,Skew,gls.model,1,1,0.097084724,0.378779074,0.362430773,0.356,0.022,0.009,0.016434585,0.02221568,0.18965881,0.100518009,0.338106642,0.156345784,0.146874582,0.708527811,0.640095903,1.052434247,0.442577729,0.571920838,0.538417348,-8.62E-05,7.41E-06,0.000681522,0.000340435,0.000642574,0.001628037,0.000111865,-0.02978008,-0.027146651,-0.032449401,-0.009951345,-0.008687586,-0.022067099,-0.074126672,-0.04786289,-0.303363512,-0.270241888,-0.279490481,-0.294820076,-0.307108427,-0.446370786,-0.602156335,-0.403093825,-0.690143978,-0.515741671,-0.477079512
3,2,200,24,11,Skew,gls.s,1,1,0.090205351,0.359241182,0.321864879,0.321,0.022,0.008,0.01647428,0.022184058,0.191885841,0.099122987,0.339057166,0.151227115,0.143936355,0.660468236,0.552953676,0.972953754,0.438849536,0.558298615,0.52272375,-6.30E-05,1.00E-05,0.004351521,0.000720418,-0.001808334,0.002251834,0.000659633,-0.077000347,-0.077917438,-0.068686538,-0.062330731,-0.072364377,-0.06266477,-0.075527387,-0.045516169,-0.281094213,-0.221526918,-0.245288374,-0.237647052,-0.255607049,-0.379779359,-0.517150477,-0.336905965,-0.673276136,-0.472645255,-0.442279074
3,2,200,24,11,Skew,ls,0.932,1,18.18967727,1.359994219,0.893687511,1,0.156652361,0.051502146,0.017251541,0.026508791,0.194231943,0.11227205,3.424776864,2.266003524,1.777938736,1.081111679,1.920721116,4.96289698,0.465000057,0.679747422,0.751464142,-6.72E-05,2.29E-05,-0.002965579,-0.001521814,0.5433874,0.602783629,0.555817931,-0.10589632,-0.258215976,-0.4711705,-0.040014643,-0.064667461,-0.078175335,-0.692226456,-0.482037114,-0.891377943,-0.815727191,-0.97677023,-0.972478016,-0.974720924,-0.977994438,-0.969225104,-0.972802985,-0.980956951,-0.956082553,-0.955537738
3,2,200,24,11,Skew,wls,0.998,0,0.058547025,0.353284332,0.145984704,0.043086172,0.043086172,0.043086172,0.017137312,0.021502185,0.218743144,0.106534025,0.339594353,0.178729973,0.149884599,0.676218853,0.484831187,0.910271111,0.451558528,0.522133289,0.515557751,-0.00638967,-0.004423475,0.02180512,0.00299686,0.008183634,0.012792819,0.000638753,-0.225338276,-0.205024144,-0.228739313,-0.22204214,-0.222711117,-0.188966885,-0.144547346,-0.093285389,-0.156136863,-0.051185682,-0.141198598,-0.253462936,-0.160920557,-0.144360835,-0.167457516,-0.089239284,-0.217287492,-0.12863841,-0.150080245
3,2,200,24,11,Skew,fites,1,NA,0.193643391,0.379292232,0.177746168,0.374,0.029,0.015,0.016434674,0.022215786,0.189654871,0.1005162,0.338068289,0.15636761,0.146890519,0.710166875,0.640204518,1.053208655,0.443063667,0.572382291,0.541625055,-8.62E-05,7.21E-06,0.000682354,0.000339198,0.000738541,0.001661433,0.000143274,-0.024661823,-0.022640866,-0.027435029,-0.010881593,-0.006119978,-0.024505093,-0.081003404,-0.055629599,-0.15310504,-0.136671996,-0.132800444,-0.155505495,-0.162304525,-0.183440728,-0.335884156,-0.182988941,-0.299284529,-0.258279292,-0.173802042
3,2,200,24,11,Skew,fiteu,1,NA,0.193643391,0.379292232,0.204651961,0.374,0.038,0.016,0.016434674,0.022215786,0.189654871,0.1005162,0.338068289,0.15636761,0.146890519,0.710166875,0.640204518,1.053208655,0.443063667,0.572382291,0.541625055,-8.62E-05,7.21E-06,0.000682354,0.000339198,0.000738541,0.001661433,0.000143274,-0.024661823,-0.022640866,-0.027435029,-0.010881593,-0.006119978,-0.024505093,-0.080703437,-0.055491629,-0.200872413,-0.171081999,-0.14058599,-0.173525599,-0.17383423,-0.219791487,-0.375339077,-0.218711188,-0.340638674,-0.298400947,-0.211498817
3,2,200,24,11,Skew,fitos,1,NA,0.193643391,0.379292232,0.122476959,0.374,0.134,0.062,0.016434674,0.022215786,0.189654871,0.1005162,0.338068289,0.15636761,0.146890519,0.710166875,0.640204518,1.053208655,0.443063667,0.572382291,0.541625055,-8.62E-05,7.21E-06,0.000682354,0.000339198,0.000738541,0.001661433,0.000143274,-0.024661823,-0.022640866,-0.027435029,-0.010881593,-0.006119978,-0.024505093,-0.080989711,-0.055163793,-0.050467181,-0.057695893,-0.082391655,-0.085811274,-0.112343547,-0.122624593,-0.273285356,-0.11973219,-0.240222778,-0.19745325,-0.114019242
3,2,300,24,11,Norm,gammaN.model,1,0.98,0.037397454,0.171245757,0.028794131,0.059,0.063,0.058,0.012952972,0.016924406,0.107099397,0.060463899,0.197230833,0.09079184,0.083285284,0.326082044,0.210831392,0.516028636,0.11887111,0.240348229,0.245284794,0.0002829,0.00054101,-0.003332298,0.000939963,0.009268828,-0.001743639,-0.002264801,0.003165659,-0.020353354,0.025314649,-0.007395309,0.001979637,-0.025676799,-0.023018668,0.038542567,-0.013755015,-0.033293975,-0.021247224,-0.014626815,-0.01212309,-0.027683851,0.000860603,-0.039973748,-0.057178567,-0.049887498,-0.042132086
3,2,300,24,11,Norm,gammaN.s,1,1,0.036644453,0.171970631,0.019096675,0.05,0.053,0.048,0.012951714,0.016922382,0.109396436,0.060886967,0.197948889,0.091491959,0.083635679,0.324544559,0.214054056,0.5098757,0.123072262,0.242884003,0.247953593,0.000281925,0.000546251,-0.004012813,0.000646479,0.009464368,-0.002045757,-0.002147014,-0.011498038,-0.036732564,0.015271788,-0.025292111,-0.02091344,-0.041011222,-0.021957808,0.039903816,-0.010064284,-0.016294672,0.00235522,-0.000230796,0.008567206,-0.006708153,0.01195974,-0.018827816,-0.051248743,-0.033899725,-0.026238798
3,2,300,24,11,Norm,ridgeI,1,0.47,0.068575793,0.177017416,0.061421064,0.488,0.08,0.08,0.013074086,0.017204941,0.110852745,0.061910609,0.20014427,0.093035555,0.084442302,0.337888154,0.222450959,0.527066359,0.125782821,0.250022736,0.257350871,0.00035966,0.000703713,-0.004083138,0.000588633,0.010954482,-0.000881943,-0.001079304,-0.008125544,-0.039043755,0.022255989,-0.024302573,-0.017461958,-0.041091205,-0.050887912,0.003171052,-0.055895891,-0.062539304,-0.044086251,-0.048486936,-0.033397233,-0.0780613,-0.050405254,-0.082319648,-0.105237826,-0.093060109,-0.090925116
3,2,300,24,11,Norm,ridgeD,1,0.01,0.036233489,0.177306358,0.058799215,0.055,0.077,0.077,0.013071669,0.017175414,0.110735734,0.061821538,0.199842998,0.093082668,0.084493762,0.337520961,0.222952976,0.530330382,0.125840089,0.249898802,0.258215665,0.000361584,0.000717879,-0.003135712,0.001240914,0.01059875,-0.001735925,-0.002095063,-0.007029718,-0.037412837,0.025592734,-0.024648233,-0.018140877,-0.041633531,-0.05076719,0.004518029,-0.05589079,-0.061221647,-0.04241142,-0.045223129,-0.030860663,-0.073486752,-0.045009603,-0.075802094,-0.103029832,-0.0875721,-0.088596542
3,2,300,24,11,Norm,gls.model,1,1,0.037352263,0.171247039,0.024540268,0.059,0.063,0.058,0.012955225,0.016927031,0.107127082,0.060480589,0.19726762,0.090798387,0.083308633,0.326052736,0.210782081,0.516192653,0.118827669,0.240311419,0.245180381,0.000280928,0.000538279,-0.003347868,0.000927684,0.009254387,-0.001739829,-0.002277785,0.003385605,-0.019943904,0.025376309,-0.007024376,0.002406997,-0.02533692,-0.022397897,0.039407596,-0.0078659,-0.028908099,-0.013371963,-0.010093548,-0.005498773,-0.022474143,0.003846208,-0.035385229,-0.048866655,-0.045209125,-0.035698342
3,2,300,24,11,Norm,gls.s,1,1,0.036644453,0.171970631,0.019096675,0.05,0.053,0.048,0.012951714,0.016922382,0.109396436,0.060886967,0.197948889,0.091491959,0.083635679,0.324544559,0.214054056,0.5098757,0.123072262,0.242884003,0.247953593,0.000281925,0.000546251,-0.004012813,0.000646479,0.009464368,-0.002045757,-0.002147014,-0.011498038,-0.036732564,0.015271788,-0.025292111,-0.02091344,-0.041011222,-0.021957808,0.039903816,-0.010064284,-0.016294672,0.00235522,-0.000230796,0.008567206,-0.006708153,0.01195974,-0.018827816,-0.051248743,-0.033899725,-0.026238798
3,2,300,24,11,Norm,ls,0.993,1,9.057325243,0.540416568,0.88019736,1,0.155085599,0.065458207,0.013115673,0.018085368,0.109778834,0.066828913,0.931650042,1.612228667,0.740458703,0.439747551,0.957952722,1.351849707,0.132330191,0.307468265,0.343920741,0.000147287,0.000703432,-0.003489017,0.002057212,0.143185904,0.303853534,0.237555914,-0.012429684,-0.144063363,-0.155408418,-0.011745904,-0.008967129,-0.053326194,-0.703620065,-0.438753463,-0.860578293,-0.775081965,-0.977948119,-0.981423517,-0.97359259,-0.978742909,-0.975515506,-0.972243753,-0.950779355,-0.928499874,-0.925786268
3,2,300,24,11,Norm,wls,1,0,0.038955755,0.177340316,0.063868748,0.076,0.076,0.076,0.013109587,0.01721507,0.111196097,0.062144009,0.201108442,0.093356746,0.084609322,0.338207149,0.222622241,0.525360559,0.126387241,0.250550248,0.2595574,0.000382754,0.000680437,-0.002784482,0.001440557,0.009825752,-0.001889149,-0.001935675,-0.007090701,-0.040994706,0.023881906,-0.025132338,-0.018031997,-0.043103993,-0.053718207,0.001479436,-0.05930094,-0.066302069,-0.047533704,-0.05059227,-0.035017209,-0.081121358,-0.049961977,-0.084296098,-0.108289635,-0.095405906,-0.097274908
3,2,300,24,11,Norm,fites,1,NA,0.193643391,0.171399016,0.030585936,0.065,0.07,0.065,0.012955179,0.01692692,0.10712644,0.060480654,0.197229262,0.090796733,0.083305479,0.326275722,0.210384468,0.51666048,0.119076455,0.240411034,0.246558384,0.00028091,0.000538351,-0.003347449,0.000927708,0.009268189,-0.00173668,-0.002275932,0.006810106,-0.016660634,0.02900014,-0.00772243,0.004149857,-0.027091416,-0.024008852,0.037481439,-0.01470247,-0.034338863,-0.022197786,-0.015539323,-0.013302967,-0.032013634,-0.002716677,-0.044647068,-0.058671006,-0.052479489,-0.045517592
3,2,300,24,11,Norm,fiteu,1,NA,0.193643391,0.171399016,0.034433286,0.065,0.07,0.065,0.012955179,0.01692692,0.10712644,0.060480654,0.197229262,0.090796733,0.083305479,0.326275722,0.210384468,0.51666048,0.119076455,0.240411034,0.246558384,0.00028091,0.000538351,-0.003347449,0.000927708,0.009268189,-0.00173668,-0.002275932,0.006810106,-0.016660634,0.02900014,-0.00772243,0.004149857,-0.027091416,-0.024020817,0.037459208,-0.024149876,-0.041305743,-0.023311157,-0.018481416,-0.014828446,-0.035846669,-0.008059331,-0.048779589,-0.064940364,-0.056722755,-0.049727352
3,2,300,24,11,Norm,fitos,1,NA,0.193643391,0.171399016,0.021155624,0.065,0.082,0.077,0.012955179,0.01692692,0.10712644,0.060480654,0.197229262,0.090796733,0.083305479,0.326275722,0.210384468,0.51666048,0.119076455,0.240411034,0.246558384,0.00028091,0.000538351,-0.003347449,0.000927708,0.009268189,-0.00173668,-0.002275932,0.006810106,-0.016660634,0.02900014,-0.00772243,0.004149857,-0.027091416,-0.023879567,0.037613232,0.012485838,-0.012909088,-0.009806699,0.002163044,0.000149428,-0.019932874,0.01373518,-0.031910189,-0.03934785,-0.03871774,-0.032372378
3,2,300,24,11,Elliptical,gammaN.model,1,0.76,0.055891252,0.238657429,0.073900427,0.298,0.034,0.03,0.01241066,0.016573243,0.142333871,0.079851532,0.26362673,0.119459295,0.109759243,0.456599408,0.314376449,0.705706549,0.184472427,0.345161426,0.352215746,5.05E-05,0.000626253,-0.004534382,9.84E-05,0.016881642,0.004758791,-0.002068475,-0.056144746,-0.086707496,-0.031331102,-0.07138374,-0.065724849,-0.090440108,-0.031913705,0.006610082,-0.061918068,-0.074669865,-0.07248356,-0.059321102,-0.046816968,-0.094967378,-0.085057816,-0.101640118,-0.107840264,-0.120625465,-0.096841165
3,2,300,24,11,Elliptical,gammaN.s,1,0.73,0.049472639,0.241807107,0.069965343,0.186,0.03,0.024,0.012404936,0.01661876,0.145022105,0.081387677,0.264485916,0.120531845,0.110267279,0.459215472,0.323267632,0.701230807,0.195883242,0.354058867,0.359117857,6.16E-05,0.000649983,-0.005150253,0.00025579,0.015632618,0.004705911,-0.001716296,-0.06834368,-0.102351517,-0.037231848,-0.088840451,-0.085606372,-0.105782582,-0.031029052,0.004365413,-0.063759697,-0.075518762,-0.058211229,-0.052883997,-0.036147664,-0.089522573,-0.08379666,-0.095127502,-0.11175581,-0.116844066,-0.090587028
3,2,300,24,11,Elliptical,ridgeI,1,0.82,0.172014826,0.250831506,0.08659181,0.979,0.044,0.038,0.012305447,0.016757979,0.147622723,0.082173033,0.268967099,0.121361646,0.112700945,0.474761177,0.339499513,0.734033176,0.214344076,0.366964555,0.369318211,0.000122607,0.000725966,-0.012349374,-0.003757364,0.019849463,0.008083656,0.002223833,-0.106991184,-0.122580287,-0.076553911,-0.112715116,-0.114874187,-0.123922284,-0.038931079,-0.011698152,-0.080681304,-0.085579534,-0.08791682,-0.066471356,-0.059061862,-0.099623594,-0.111430982,-0.114596866,-0.135729539,-0.125130926,-0.108841514
3,2,300,24,11,Elliptical,ridgeD,1,0.01,0.034552244,0.254069778,0.092110685,0.022,0.042,0.04,0.012298212,0.016743669,0.149114435,0.083141764,0.271246882,0.12375251,0.113333267,0.476479818,0.346647558,0.735216745,0.221491268,0.374614401,0.378826589,0.000155475,0.000738791,-0.005007912,0.000197976,0.015637674,0.003643033,-0.001934191,-0.104008248,-0.127662684,-0.065682632,-0.118148191,-0.118868794,-0.132636191,-0.041758215,-0.021096992,-0.097012775,-0.100938405,-0.092340377,-0.076143524,-0.058684303,-0.1025594,-0.106582361,-0.1074918,-0.149125175,-0.132611276,-0.111094308
3,2,300,24,11,Elliptical,gls.model,1,1,0.075921743,0.266518817,0.315897824,0.518,0.033,0.014,0.012819304,0.016923454,0.166965412,0.090320351,0.289909813,0.133238547,0.121024148,0.524028729,0.338502654,0.811075133,0.192043951,0.381991638,0.385901483,2.24E-05,0.00057466,-0.00914137,-0.000651172,0.016461936,0.005560154,-0.001201031,0.005944626,-0.034228108,0.017892887,-0.016067881,0.002821734,-0.038413439,-0.019765197,0.030627384,-0.360708007,-0.350850114,-0.336062251,-0.332804935,-0.3202172,-0.398092051,-0.371135523,-0.387282525,-0.410699955,-0.404809263,-0.383617309
3,2,300,24,11,Elliptical,gls.s,1,1,0.07163296,0.258624773,0.281547775,0.485,0.02,0.01,0.012814613,0.016928416,0.15739123,0.088821847,0.288413072,0.13085034,0.12059116,0.499073425,0.336642252,0.763527807,0.190080362,0.378130005,0.378857514,1.23E-05,0.000574191,-0.007513654,-0.000168736,0.016622099,0.006047779,-0.00021721,-0.021650197,-0.07124081,0.005223935,-0.056923672,-0.042861567,-0.076731361,-0.018698239,0.031066523,-0.296894855,-0.312237465,-0.304483479,-0.294827193,-0.291978574,-0.355691198,-0.336228118,-0.347575776,-0.357453769,-0.372547832,-0.340438051
3,2,300,24,11,Elliptical,ls,0.954,1,15.69707595,0.99928819,0.894582686,1,0.164570231,0.064989518,0.01322893,0.019381645,0.168572279,0.100700534,1.169223875,1.763391487,1.72867407,0.71847651,1.91010604,4.136545817,0.204734956,0.485154355,0.572555976,4.26E-05,0.000131614,-0.009607807,0.002265265,0.340004091,0.634319438,0.538677454,-0.03426007,-0.306473786,-0.415656162,-0.033035117,-0.030208953,-0.10129273,-0.692848736,-0.442884168,-0.907288347,-0.848149069,-0.981779122,-0.980019242,-0.972401787,-0.984521603,-0.977003879,-0.971641339,-0.966330137,-0.953114919,-0.951592574
3,2,300,24,11,Elliptical,wls,1,0,0.038284712,0.254473463,0.099216496,0.04,0.04,0.04,0.012355232,0.016825586,0.1501002,0.083951274,0.274858713,0.123743462,0.112117752,0.476782037,0.349166381,0.724979593,0.225454002,0.375766777,0.382054018,0.000162081,0.000717137,-0.005376967,0.000518841,0.012372918,0.003297517,-0.001805026,-0.112620532,-0.137658769,-0.07955436,-0.123326401,-0.124525117,-0.138385614,-0.047193481,-0.027373134,-0.098105921,-0.108634214,-0.098904795,-0.083631507,-0.0561543,-0.107609742,-0.11992524,-0.127635319,-0.150917413,-0.139324453,-0.124404922
3,2,300,24,11,Elliptical,fites,1,NA,0.193643391,0.266735073,0.095851726,0.533,0.039,0.019,0.01281925,0.016923376,0.166958152,0.090317663,0.289910244,0.133235822,0.121018266,0.524305541,0.338215243,0.81150433,0.192380404,0.382176222,0.387791437,2.24E-05,0.000574864,-0.009140694,-0.000651578,0.016478962,0.005565089,-0.001208419,0.009320061,-0.030994236,0.02144562,-0.016740312,0.004555693,-0.04012885,-0.02397753,0.024977121,-0.110645769,-0.100432499,-0.092877683,-0.091673529,-0.081895137,-0.130766848,-0.091850571,-0.121943943,-0.127292775,-0.141547871,-0.106191165
3,2,300,24,11,Elliptical,fiteu,1,NA,0.193643391,0.266735073,0.124084012,0.533,0.051,0.021,0.01281925,0.016923376,0.166958152,0.090317663,0.289910244,0.133235822,0.121018266,0.524305541,0.338215243,0.81150433,0.192380404,0.382176222,0.387791437,2.24E-05,0.000574864,-0.009140694,-0.000651578,0.016478962,0.005565089,-0.001208419,0.009320061,-0.030994236,0.02144562,-0.016740312,0.004555693,-0.04012885,-0.0236463,0.025139031,-0.16761847,-0.146145476,-0.101089616,-0.111582755,-0.089908767,-0.162420515,-0.129409589,-0.154330283,-0.178235696,-0.178407394,-0.145158263
3,2,300,24,11,Elliptical,fitos,1,NA,0.193643391,0.266735073,0.044132748,0.533,0.107,0.049,0.01281925,0.016923376,0.166958152,0.090317663,0.289910244,0.133235822,0.121018266,0.524305541,0.338215243,0.81150433,0.192380404,0.382176222,0.387791437,2.24E-05,0.000574864,-0.009140694,-0.000651578,0.016478962,0.005565089,-0.001208419,0.009320061,-0.030994236,0.02144562,-0.016740312,0.004555693,-0.04012885,-0.023628509,0.025237341,-0.011801607,-0.017363582,-0.051155266,-0.029823059,-0.038800492,-0.084677111,-0.033563298,-0.075213474,-0.046743928,-0.085916537,-0.049801523
3,2,300,24,11,Skew,gammaN.model,1,0.69,0.049010086,0.254686251,0.077479636,0.181,0.035,0.024,0.013056999,0.016831657,0.139626946,0.078666393,0.240849456,0.115873579,0.106641686,0.517156585,0.334684368,0.698463075,0.31323764,0.358287748,0.377545137,-0.002419461,-0.001544545,0.010490676,0.00104018,-0.005743309,0.002840551,-0.004013128,-0.12756234,-0.094383759,-0.128188849,-0.105098915,-0.110494025,-0.080483271,-0.093599449,-0.023728947,-0.112650266,-0.088986034,-0.039717159,-0.076608959,-0.087691448,-0.087177821,-0.049248117,-0.010638754,-0.186148277,-0.065143549,-0.085896484
3,2,300,24,11,Skew,gammaN.s,1,0.61,0.040935882,0.256966633,0.074794956,0.046,0.03,0.023,0.013034884,0.016796042,0.141696992,0.079133149,0.239839848,0.117129923,0.105679579,0.518001441,0.340827869,0.699436129,0.321495304,0.365592464,0.381902599,-0.002515748,-0.001576452,0.011208917,0.001612925,-0.006542141,0.00261257,-0.003909912,-0.13829069,-0.106381307,-0.134476284,-0.117273289,-0.125418068,-0.093067672,-0.092307068,-0.023375632,-0.117017506,-0.085680842,-0.026149191,-0.080482446,-0.073551248,-0.077355382,-0.054974042,-0.009835173,-0.190513069,-0.058390117,-0.082702708
3,2,300,24,11,Skew,ridgeI,1,0.87,0.210433597,0.265601156,0.07153488,0.99,0.043,0.034,0.013373774,0.017061863,0.141592565,0.08198267,0.250802282,0.124019278,0.110738231,0.531866564,0.356130296,0.709020467,0.345642539,0.384662834,0.385921669,-0.004019263,-0.002591534,0.006613059,-0.000838502,-0.004497673,0.008489338,0.000485653,-0.165334092,-0.136817501,-0.155745647,-0.155840754,-0.156538142,-0.120108784,-0.105045387,-0.03268029,-0.08757802,-0.072169186,-0.050709492,-0.092262172,-0.066540248,-0.07551235,-0.040002479,0.009918538,-0.187460021,-0.049822679,-0.060252572
3,2,300,24,11,Skew,ridgeD,1,0,0.038302172,0.278734601,0.100054871,0.047,0.047,0.047,0.013783011,0.017086967,0.15226509,0.084551419,0.275032604,0.130001417,0.126593118,0.544744395,0.377781117,0.722521903,0.36573605,0.406544589,0.406908133,-0.004863907,-0.003498515,0.019947467,0.004739593,-0.008251232,0.003569436,-0.006879015,-0.192468564,-0.165210279,-0.1891206,-0.176731484,-0.179419938,-0.147054557,-0.122514781,-0.045969736,-0.113707239,-0.082208328,-0.109979892,-0.137933268,-0.184762756,-0.068052771,-0.084525676,-0.005213465,-0.194983206,-0.068250503,-0.082611704
3,2,300,24,11,Skew,gls.model,1,1,0.067491522,0.29756168,0.345077287,0.393,0.035,0.015,0.013228251,0.017595723,0.160793991,0.086167862,0.275029738,0.1299191,0.117897978,0.606593445,0.415463181,0.872075294,0.341768546,0.390818338,0.440950398,-0.000135994,0.000318373,0.006624145,-0.001665056,-0.013177126,0.001020097,-0.002763963,-0.045671232,-0.002528518,-0.069989176,-0.012748801,-0.019395429,0.006992553,-0.058377231,-0.010563757,-0.33652254,-0.302422725,-0.270970674,-0.296352386,-0.289776841,-0.458832557,-0.507772619,-0.380301087,-0.671216173,-0.412974134,-0.489922007
3,2,300,24,11,Skew,gls.s,1,1,0.063895595,0.290824318,0.322101252,0.368,0.025,0.012,0.013233964,0.017600133,0.159800098,0.086112549,0.274204094,0.129983945,0.118004236,0.588769208,0.403483885,0.835691179,0.338161287,0.384684089,0.430987469,-0.000127142,0.000332122,0.008770018,-0.000977159,-0.013152942,0.000495083,-0.003412233,-0.072660932,-0.035251016,-0.083495866,-0.048652775,-0.062022696,-0.028666329,-0.058290186,-0.010264055,-0.311297747,-0.277746169,-0.242713803,-0.272791084,-0.264711657,-0.42790288,-0.479393434,-0.348409452,-0.656264739,-0.37438046,-0.46315061
3,2,300,24,11,Skew,ls,0.969,1,13.97253204,1.017130892,0.898345447,1,0.158926729,0.057791538,0.014134052,0.020874278,0.164890712,0.092990659,2.437892024,1.85871938,1.263701028,0.929437658,1.498367776,3.542482666,0.349966727,0.488777098,0.560467535,0.000375248,0.000279555,0.006540361,-0.00025189,0.438511095,0.557077937,0.482126617,-0.085296967,-0.215525237,-0.441942218,-0.033953249,-0.052414901,-0.041509714,-0.70558625,-0.484051229,-0.898919679,-0.82407776,-0.983908211,-0.979260212,-0.9778872,-0.983837477,-0.977412687,-0.977779742,-0.979850206,-0.95128502,-0.954635135
3,2,300,24,11,Skew,wls,1,0,0.038302172,0.278734601,0.100054871,0.047,0.047,0.047,0.013783011,0.017086967,0.15226509,0.084551419,0.275032604,0.130001417,0.126593118,0.544744395,0.377781117,0.722521903,0.36573605,0.406544589,0.406908133,-0.004863907,-0.003498515,0.019947467,0.004739593,-0.008251232,0.003569436,-0.006879015,-0.192468564,-0.165210279,-0.1891206,-0.176731484,-0.179419938,-0.147054557,-0.122514781,-0.045969736,-0.113707239,-0.082208328,-0.109979892,-0.137933268,-0.184762756,-0.068052771,-0.084525676,-0.005213465,-0.194983206,-0.068250503,-0.082611704
3,2,300,24,11,Skew,fites,1,NA,0.193643391,0.297661879,0.122702732,0.403,0.042,0.016,0.013228335,0.017595753,0.160791537,0.086167211,0.275045849,0.129920372,0.117889506,0.606401886,0.415340983,0.872202459,0.342092401,0.39063203,0.4422961,-0.00013606,0.000318463,0.006624281,-0.00166508,-0.013183244,0.001019375,-0.002772423,-0.042375209,0.000636171,-0.066552494,-0.013393503,-0.017734657,0.005358809,-0.062682147,-0.016106455,-0.172548083,-0.116443355,-0.096770695,-0.117992878,-0.132749187,-0.157825389,-0.148542759,-0.106760968,-0.219539302,-0.103570763,-0.14360354
3,2,300,24,11,Skew,fiteu,1,NA,0.193643391,0.297661879,0.14302632,0.403,0.048,0.018,0.013228335,0.017595753,0.160791537,0.086167211,0.275045849,0.129920372,0.117889506,0.606401886,0.415340983,0.872202459,0.342092401,0.39063203,0.4422961,-0.00013606,0.000318463,0.006624281,-0.00166508,-0.013183244,0.001019375,-0.002772423,-0.042375209,0.000636171,-0.066552494,-0.013393503,-0.017734657,0.005358809,-0.062565274,-0.015990266,-0.20578986,-0.145994939,-0.101731414,-0.12890069,-0.13795251,-0.182465021,-0.176753312,-0.133299786,-0.253233874,-0.141287851,-0.173377367
3,2,300,24,11,Skew,fitos,1,NA,0.193643391,0.297661879,0.08057081,0.403,0.11,0.042,0.013228335,0.017595753,0.160791537,0.086167211,0.275045849,0.129920372,0.117889506,0.606401886,0.415340983,0.872202459,0.342092401,0.39063203,0.4422961,-0.00013606,0.000318463,0.006624281,-0.00166508,-0.013183244,0.001019375,-0.002772423,-0.042375209,0.000636171,-0.066552494,-0.013393503,-0.017734657,0.005358809,-0.062455106,-0.015746927,-0.098836023,-0.052025619,-0.059820054,-0.070556709,-0.09733735,-0.115999494,-0.101374937,-0.057107851,-0.172989783,-0.04468123,-0.098489453
3,2,500,24,11,Norm,gammaN.model,1,0.93,0.02165517,0.130665535,0.022585611,0.041,0.047,0.041,0.00966894,0.013952313,0.078666608,0.047068806,0.1562934,0.068256285,0.064238801,0.247728112,0.159311384,0.403214609,0.089854409,0.187473476,0.172924816,0.000588166,-0.000240918,-0.002524129,0.000491249,-0.002396006,-0.000120533,-0.000276391,-0.009359689,-0.006858026,-0.016329154,-0.003251162,-0.003510452,-0.003721219,0.014783937,-0.022031796,0.040151665,-0.038208142,-0.024787991,0.009357533,-0.006831596,0.003238125,0.008848858,-0.009684667,-0.036624358,-0.053029814,0.026034461
3,2,500,24,11,Norm,gammaN.s,1,1,0.021354884,0.13086394,0.023684844,0.037,0.036,0.035,0.009666803,0.013951299,0.079903959,0.047496733,0.156178348,0.068543664,0.064135499,0.247412401,0.160369002,0.399985935,0.09207967,0.188632145,0.172875757,0.000582155,-0.000248636,-0.00287426,0.000405092,-0.002394784,-0.000174445,-0.000330599,-0.016485929,-0.016534791,-0.020167096,-0.013758736,-0.016173638,-0.013038031,0.016907388,-0.020246912,0.039371164,-0.029937286,-0.011587297,0.020749906,0.00637861,0.017246883,0.019353965,0.007146584,-0.035037761,-0.040449134,0.043490079
3,2,500,24,11,Norm,ridgeI,1,0.29,0.030069517,0.13317007,0.032704851,0.228,0.049,0.049,0.009817846,0.014095029,0.080991863,0.047962772,0.158710423,0.070327834,0.06568867,0.251282646,0.162617589,0.40926449,0.093006112,0.190961945,0.176483698,0.000638337,-0.00019757,-0.002626462,-0.000136425,-0.00227521,0.000235481,0.000684278,-0.017718438,-0.015586065,-0.021740922,-0.012976292,-0.015585125,-0.012300851,-0.011693132,-0.042094877,0.004753948,-0.059769479,-0.043129202,-0.025933918,-0.033732838,-0.016728908,-0.015570204,-0.033642073,-0.067310826,-0.070770256,3.34E-05
3,2,500,24,11,Norm,ridgeD,1,0,0.022049497,0.133224298,0.033281561,0.049,0.049,0.049,0.009826105,0.014097527,0.081095653,0.047992827,0.158913176,0.070494357,0.065788308,0.251514371,0.162776481,0.408617696,0.093108965,0.191220432,0.176469972,0.00064108,-0.000195941,-0.002226704,7.90E-05,-0.002606782,-3.40E-05,0.000444434,-0.017876967,-0.015977002,-0.021778553,-0.01313042,-0.016015918,-0.012613317,-0.012567566,-0.042506822,0.003235059,-0.060441069,-0.043806045,-0.027835313,-0.035113337,-0.017706588,-0.016506368,-0.032974088,-0.068120309,-0.071697917,0.000149812
3,2,500,24,11,Norm,gls.model,1,1,0.021610871,0.130681789,0.022627709,0.042,0.046,0.038,0.009666372,0.013951408,0.078616506,0.047076716,0.156276553,0.068176176,0.064199325,0.247854202,0.159332155,0.403447012,0.089791589,0.187493044,0.172982205,0.000583667,-0.000243681,-0.002547359,0.000519009,-0.002375561,-0.000144051,-0.00033013,-0.008685307,-0.006191335,-0.015845929,-0.002507997,-0.002542596,-0.003073102,0.016902368,-0.020330497,0.04556334,-0.031853756,-0.023088264,0.016146128,-0.005157523,0.008200116,0.013629555,-0.003807674,-0.02845264,-0.04861662,0.032411732
3,2,500,24,11,Norm,gls.s,1,1,0.021354884,0.13086394,0.023684844,0.037,0.036,0.035,0.009666803,0.013951299,0.079903959,0.047496733,0.156178348,0.068543664,0.064135499,0.247412401,0.160369002,0.399985935,0.09207967,0.188632145,0.172875757,0.000582155,-0.000248636,-0.00287426,0.000405092,-0.002394784,-0.000174445,-0.000330599,-0.016485929,-0.016534791,-0.020167096,-0.013758736,-0.016173638,-0.013038031,0.016907388,-0.020246912,0.039371164,-0.029937286,-0.011587297,0.020749906,0.00637861,0.017246883,0.019353965,0.007146584,-0.035037761,-0.040449134,0.043490079
3,2,500,24,11,Norm,ls,0.999,1,5.763755121,0.251365125,0.878221069,1,0.147147147,0.055055055,0.009677214,0.014655796,0.080555065,0.051903293,0.357108564,0.310541438,0.361899252,0.328768533,0.312443583,0.856401026,0.102267705,0.239627243,0.241897915,0.000565734,-0.000272097,-0.002613833,0.00032687,0.023306664,0.084409743,0.116021419,-0.013089159,-0.034169044,-0.121667539,-0.004966878,-0.009480983,-0.013449502,-0.693025624,-0.473648758,-0.853706893,-0.77703686,-0.960177963,-0.963235829,-0.967315274,-0.979674281,-0.971044133,-0.973892505,-0.951609343,-0.929257384,-0.923249047
3,2,500,24,11,Norm,wls,1,0,0.022049497,0.133224298,0.033281561,0.049,0.049,0.049,0.009826105,0.014097527,0.081095653,0.047992827,0.158913176,0.070494357,0.065788308,0.251514371,0.162776481,0.408617696,0.093108965,0.191220432,0.176469972,0.00064108,-0.000195941,-0.002226704,7.90E-05,-0.002606782,-3.40E-05,0.000444434,-0.017876967,-0.015977002,-0.021778553,-0.01313042,-0.016015918,-0.012613317,-0.012567566,-0.042506822,0.003235059,-0.060441069,-0.043806045,-0.027835313,-0.035113337,-0.017706588,-0.016506368,-0.032974088,-0.068120309,-0.071697917,0.000149812
3,2,500,24,11,Norm,fites,1,NA,0.193643391,0.130685779,0.022508735,0.042,0.049,0.044,0.009666371,0.013951391,0.078616529,0.047076741,0.156267598,0.068177996,0.064195802,0.247668448,0.159191645,0.403377856,0.089844031,0.187435079,0.173445635,0.000583673,-0.00024372,-0.002547376,0.000518988,-0.002378739,-0.000145525,-0.000332894,-0.006692071,-0.004188849,-0.013831625,-0.002920509,-0.001540092,-0.004072421,0.015829004,-0.021290131,0.041856001,-0.037603754,-0.024274141,0.011203976,-0.005591168,0.002011211,0.008015824,-0.011241469,-0.035313184,-0.053384449,0.024999236
3,2,500,24,11,Norm,fiteu,1,NA,0.193643391,0.130685779,0.022542238,0.042,0.05,0.045,0.009666371,0.013951391,0.078616529,0.047076741,0.156267598,0.068177996,0.064195802,0.247668448,0.159191645,0.403377856,0.089844031,0.187435079,0.173445635,0.000583673,-0.00024372,-0.002547376,0.000518988,-0.002378739,-0.000145525,-0.000332894,-0.006692071,-0.004188849,-0.013831625,-0.002920509,-0.001540092,-0.004072421,0.015827716,-0.021295332,0.036497285,-0.041841313,-0.024720473,0.009537005,-0.006500891,-0.000375882,0.005150329,-0.013773773,-0.039192672,-0.056073195,0.022263223
3,2,500,24,11,Norm,fitos,1,NA,0.193643391,0.130685779,0.022587538,0.042,0.06,0.055,0.009666371,0.013951391,0.078616529,0.047076741,0.156267598,0.068177996,0.064195802,0.247668448,0.159191645,0.403377856,0.089844031,0.187435079,0.173445635,0.000583673,-0.00024372,-0.002547376,0.000518988,-0.002378739,-0.000145525,-0.000332894,-0.006692071,-0.004188849,-0.013831625,-0.002920509,-0.001540092,-0.004072421,0.015872499,-0.021245444,0.058036893,-0.025138124,-0.017104061,0.021933636,0.001989839,0.009396739,0.017505386,-0.003505973,-0.023238152,-0.045218475,0.033452773
3,2,500,24,11,Elliptical,gammaN.model,1,0.77,0.034108896,0.183325617,0.03653672,0.315,0.034,0.028,0.009438157,0.013457536,0.112468857,0.062947423,0.209241213,0.092279601,0.087906968,0.35094033,0.23207948,0.561403265,0.136838595,0.265368538,0.248863059,0.000749426,-0.000238006,-0.003749369,-0.001235871,0.003370273,0.002306996,-0.000540721,-0.056481466,-0.0490155,-0.070067885,-0.047732012,-0.04934585,-0.04957141,0.004993964,-0.02207215,-0.041446065,-0.046294335,-0.039859351,-0.013167069,-0.047194347,-0.036398129,-0.043143041,-0.036174056,-0.045640851,-0.078137894,-0.020456111
3,2,500,24,11,Elliptical,gammaN.s,1,0.73,0.030748272,0.185088828,0.035751913,0.199,0.03,0.022,0.009432677,0.013452673,0.114914086,0.063511757,0.209395038,0.09242244,0.087949087,0.353131455,0.236843104,0.559033673,0.143717835,0.270354482,0.251996458,0.000739801,-0.000241716,-0.004129944,-0.000982099,0.00308537,0.002549111,-0.000738786,-0.065983576,-0.061177478,-0.075205697,-0.059919125,-0.064815387,-0.060938596,0.0047257,-0.022552715,-0.054483132,-0.047333116,-0.031405117,-0.007146779,-0.039115357,-0.034320944,-0.045062376,-0.032704861,-0.054312038,-0.07453414,-0.017078589
3,2,500,24,11,Elliptical,ridgeI,1,0.78,0.08605655,0.191210721,0.049648876,0.949,0.036,0.033,0.009507032,0.013464426,0.114904217,0.063149725,0.212555477,0.093189326,0.088466757,0.364899057,0.248573732,0.575240488,0.157849087,0.280233137,0.263706906,0.000726879,-0.000233332,-0.006608274,-0.003714992,0.000710278,0.005368263,0.001559433,-0.088444256,-0.082613191,-0.095247956,-0.082138197,-0.083929617,-0.081020044,-0.014274719,-0.028024386,-0.059468538,-0.042845558,-0.050708635,-0.023827227,-0.048052902,-0.055690241,-0.063832586,-0.052000241,-0.070428942,-0.094078162,-0.042203251
3,2,500,24,11,Elliptical,ridgeD,1,0,0.022270163,0.192900348,0.054134749,0.037,0.037,0.037,0.009521743,0.01341941,0.115658076,0.063508033,0.214433084,0.094400148,0.08858949,0.369970032,0.250029852,0.57512475,0.162195434,0.285425703,0.265428768,0.000733839,-0.000258403,-0.002659095,-0.000817443,-0.002165756,0.003060701,0.000490666,-0.097909428,-0.088568612,-0.106827475,-0.086855173,-0.093796542,-0.086392412,-0.018256586,-0.032544624,-0.066638011,-0.052271002,-0.053319864,-0.035281836,-0.05182974,-0.058293178,-0.064283175,-0.052292029,-0.079382113,-0.095297867,-0.04406171
3,2,500,24,11,Elliptical,gls.model,1,1,0.046958896,0.211253373,0.32365024,0.558,0.028,0.018,0.009621333,0.013785109,0.125357962,0.072992825,0.229032026,0.106215155,0.098420972,0.412641218,0.276250275,0.667657171,0.158860645,0.290260724,0.285198434,0.000775671,-0.000253554,-0.004476292,0.000361637,0.012052701,0.000501165,-0.002806633,-0.023814189,-0.006384408,-0.042268697,-0.002318182,-0.004150922,-0.007198385,0.019231892,-0.015483374,-0.343489947,-0.378285887,-0.344668387,-0.349577725,-0.351924958,-0.387605564,-0.417829438,-0.384082769,-0.45245911,-0.388418274,-0.374395798
3,2,500,24,11,Elliptical,gls.s,1,1,0.045273335,0.203466433,0.295264935,0.533,0.028,0.016,0.009627554,0.013789504,0.12443372,0.070800009,0.228203028,0.104823751,0.097588535,0.395930065,0.262025014,0.626895235,0.150132646,0.286353643,0.274460928,0.000773237,-0.000248141,-0.005666731,6.35E-05,0.011823435,0.001109508,-0.003042925,-0.040075843,-0.031044726,-0.048519177,-0.028354637,-0.035380744,-0.031541832,0.018775159,-0.015591756,-0.321929174,-0.342335607,-0.3258872,-0.326142706,-0.329870872,-0.352163325,-0.37065408,-0.34304593,-0.399541596,-0.359011726,-0.33349502
3,2,500,24,11,Elliptical,ls,0.977,1,11.42401662,0.658309829,0.898031034,1,0.154554759,0.060388946,0.009789942,0.014848868,0.129830337,0.078971481,1.048685089,1.374786887,1.149246151,0.516113131,0.991700146,2.337700325,0.159433459,0.360068045,0.386853915,0.000736285,-0.000260693,-0.005251802,-0.00010437,0.182974061,0.299116667,0.319994042,-0.041194614,-0.133127137,-0.311486902,-0.012536709,-0.018782348,-0.045139898,-0.686956802,-0.462194567,-0.908050111,-0.851927262,-0.984858037,-0.984589034,-0.980533564,-0.9847668,-0.982164845,-0.978635661,-0.96810128,-0.952107538,-0.949517948
3,2,500,24,11,Elliptical,wls,1,0,0.022270163,0.192900348,0.054134749,0.037,0.037,0.037,0.009521743,0.01341941,0.115658076,0.063508033,0.214433084,0.094400148,0.08858949,0.369970032,0.250029852,0.57512475,0.162195434,0.285425703,0.265428768,0.000733839,-0.000258403,-0.002659095,-0.000817443,-0.002165756,0.003060701,0.000490666,-0.097909428,-0.088568612,-0.106827475,-0.086855173,-0.093796542,-0.086392412,-0.018256586,-0.032544624,-0.066638011,-0.052271002,-0.053319864,-0.035281836,-0.05182974,-0.058293178,-0.064283175,-0.052292029,-0.079382113,-0.095297867,-0.04406171
3,2,500,24,11,Elliptical,fites,1,NA,0.193643391,0.211279042,0.081897936,0.569,0.033,0.023,0.009621329,0.013785099,0.125357217,0.072991286,0.229041586,0.106217324,0.09841723,0.412401693,0.276272912,0.667481388,0.158941263,0.290213037,0.28588618,0.000775683,-0.000253635,-0.004476471,0.000361393,0.012039954,0.000498937,-0.00280812,-0.021827031,-0.004328069,-0.040326201,-0.002724465,-0.003149055,-0.008176631,0.016749531,-0.018092853,-0.057098828,-0.102619327,-0.07725904,-0.073378368,-0.086657717,-0.100209581,-0.126318876,-0.09752471,-0.140709098,-0.091734643,-0.076320595
3,2,500,24,11,Elliptical,fiteu,1,NA,0.193643391,0.211279042,0.10409316,0.569,0.038,0.026,0.009621329,0.013785099,0.125357217,0.072991286,0.229041586,0.106217324,0.09841723,0.412401693,0.276272912,0.667481388,0.158941263,0.290213037,0.28588618,0.000775683,-0.000253635,-0.004476471,0.000361393,0.012039954,0.000498937,-0.00280812,-0.021827031,-0.004328069,-0.040326201,-0.002724465,-0.003149055,-0.008176631,0.01665258,-0.018078188,-0.10095247,-0.140314394,-0.081228632,-0.08778785,-0.094211106,-0.123646274,-0.159022727,-0.12437349,-0.181975741,-0.119634623,-0.105333004
3,2,500,24,11,Elliptical,fitos,1,NA,0.193643391,0.211279042,0.046926628,0.569,0.079,0.035,0.009621329,0.013785099,0.125357217,0.072991286,0.229041586,0.106217324,0.09841723,0.412401693,0.276272912,0.667481388,0.158941263,0.290213037,0.28588618,0.000775683,-0.000253635,-0.004476471,0.000361393,0.012039954,0.000498937,-0.00280812,-0.021827031,-0.004328069,-0.040326201,-0.002724465,-0.003149055,-0.008176631,0.016968698,-0.017975619,0.015251416,-0.043298578,-0.050611179,-0.031687284,-0.057949727,-0.066608432,-0.080711004,-0.060357312,-0.081759091,-0.051358869,-0.035508951
3,2,500,24,11,Skew,gammaN.model,1,0.72,0.03081813,0.204868475,0.074211431,0.223,0.04,0.032,0.009942036,0.013596287,0.109929826,0.06263441,0.200098773,0.089354124,0.082801572,0.384326634,0.298993924,0.565650755,0.246692264,0.293504705,0.305764866,-0.001815718,-0.000668468,-0.002196071,0.000931285,0.004697812,0.002837114,-0.001083556,-0.070602067,-0.081203094,-0.049855659,-0.081797645,-0.068855145,-0.068044595,-0.054125199,-0.043683285,-0.078552,-0.083413949,-0.067758392,-0.04769219,-0.044476143,-0.053910643,-0.108690594,-0.075238359,-0.153002283,-0.090183427,-0.064022135
3,2,500,24,11,Skew,gammaN.s,1,0.61,0.026049629,0.206499967,0.074918092,0.083,0.035,0.03,0.009981978,0.013565444,0.110355685,0.062732018,0.19962595,0.089070041,0.082531493,0.387017857,0.302202633,0.563966906,0.254365362,0.299454355,0.309629851,-0.002046921,-0.000838903,-0.002059356,0.000523919,0.004623831,0.003358861,-0.000806306,-0.083277768,-0.093949831,-0.059733551,-0.09606932,-0.085584213,-0.080999008,-0.058151632,-0.044824597,-0.086582801,-0.085430389,-0.061993153,-0.0419302,-0.038622197,-0.054679451,-0.114064556,-0.074632129,-0.158797876,-0.089715574,-0.064510648
3,2,500,24,11,Skew,ridgeI,1,0.88,0.13972034,0.214181221,0.072050254,0.991,0.05,0.043,0.010377881,0.013781679,0.112998275,0.063044508,0.203025394,0.094515599,0.088091958,0.403691118,0.314592967,0.580257979,0.274265857,0.311163461,0.314549196,-0.003092689,-0.001614371,-0.005098447,-0.002973701,0.005589843,0.00797366,0.002350449,-0.106440124,-0.112790571,-0.077721926,-0.127466506,-0.112214236,-0.099352842,-0.078137213,-0.050714805,-0.052714726,-0.030392712,-0.061617479,-0.063132333,-0.05541287,-0.070487013,-0.114712613,-0.071679722,-0.159188702,-0.078611532,-0.049851578
3,2,500,24,11,Skew,ridgeD,1,0,0.022818304,0.222288017,0.081632144,0.048,0.048,0.048,0.010640869,0.013738934,0.144777819,0.072672593,0.207020285,0.094939483,0.097809517,0.414808866,0.31894591,0.577194706,0.287501755,0.323320314,0.32637317,-0.003697524,-0.002069015,0.004760563,0.002571901,0.005345857,0.005445416,0.001817093,-0.128429552,-0.12906732,-0.105077786,-0.141111001,-0.130848078,-0.118771686,-0.069858982,-0.046363315,-0.029593112,0.003835279,-0.072978784,-0.073246216,-0.164029382,-0.076907054,-0.141732325,-0.074903656,-0.166031811,-0.079440507,-0.062297449
3,2,500,24,11,Skew,gls.model,1,1,0.044130074,0.233863049,0.366072817,0.453,0.036,0.016,0.00999089,0.014035473,0.122094626,0.071204491,0.22923946,0.109868738,0.096774873,0.44809338,0.346921616,0.658903404,0.263086711,0.326365709,0.343640264,-0.000291952,0.000570558,-0.004249155,-0.00057663,0.00046535,0.003328058,-0.000523689,-0.0141737,-0.017846163,-0.004371092,-0.017348137,-0.003739194,-0.006355985,-0.029611655,-0.032671687,-0.320035269,-0.349462491,-0.332278895,-0.366840229,-0.33182278,-0.447735593,-0.534532756,-0.404110201,-0.667352996,-0.458924036,-0.483568027
3,2,500,24,11,Skew,gls.s,1,1,0.042463683,0.230196183,0.350253214,0.444,0.037,0.013,0.009995121,0.014035956,0.12259558,0.070418471,0.226249486,0.108466744,0.096635676,0.432561042,0.342968597,0.644754716,0.259580599,0.323660236,0.340628159,-0.000290564,0.000571522,-0.004981435,-0.001244975,0.001336028,0.003470573,-0.000579816,-0.032867797,-0.039996391,-0.010544593,-0.040817196,-0.032020554,-0.030072661,-0.029872887,-0.032514155,-0.307807296,-0.326608491,-0.308504132,-0.344932728,-0.314686406,-0.418549088,-0.51867772,-0.390653197,-0.653859297,-0.439068163,-0.467558216
3,2,500,24,11,Skew,ls,0.98,1,10.95907293,0.687350209,0.902818876,1,0.212244898,0.070408163,0.010716672,0.015573329,0.123553307,0.07899353,1.749393062,1.503780464,0.824754447,0.606009078,1.255421133,1.640808183,0.275619442,0.387421418,0.463508653,0.000121003,0.000617097,-0.004047045,0.000133311,0.301582817,0.50124095,0.278995127,-0.025570731,-0.227039268,-0.17977875,-0.029749071,-0.00896917,-0.049365849,-0.709932202,-0.484091431,-0.898612818,-0.844352404,-0.988769071,-0.985298625,-0.980693566,-0.986292872,-0.982967038,-0.981113028,-0.981051374,-0.955822813,-0.95764815
3,2,500,24,11,Skew,wls,1,0,0.022818304,0.222288017,0.081632144,0.048,0.048,0.048,0.010640869,0.013738934,0.144777819,0.072672593,0.207020285,0.094939483,0.097809517,0.414808866,0.31894591,0.577194706,0.287501755,0.323320314,0.32637317,-0.003697524,-0.002069015,0.004760563,0.002571901,0.005345857,0.005445416,0.001817093,-0.128429552,-0.12906732,-0.105077786,-0.141111001,-0.130848078,-0.118771686,-0.069858982,-0.046363315,-0.029593112,0.003835279,-0.072978784,-0.073246216,-0.164029382,-0.076907054,-0.141732325,-0.074903656,-0.166031811,-0.079440507,-0.062297449
3,2,500,24,11,Skew,fites,1,NA,0.193643391,0.233905556,0.118885115,0.459,0.045,0.018,0.009990871,0.014035522,0.122094141,0.071204359,0.229241143,0.109867277,0.09678608,0.448007044,0.346766212,0.659046484,0.263237379,0.326250672,0.344245049,-0.00029197,0.000570557,-0.004248908,-0.000576886,0.000459819,0.003326666,-0.00051953,-0.012246936,-0.015991892,-0.002439066,-0.017732307,-0.002773007,-0.007306286,-0.031885407,-0.036494419,-0.119351313,-0.146525154,-0.12071408,-0.168589583,-0.13104009,-0.11462983,-0.153842508,-0.113577434,-0.174986311,-0.128107536,-0.105762833
3,2,500,24,11,Skew,fiteu,1,NA,0.193643391,0.233905556,0.133818698,0.459,0.047,0.021,0.009990871,0.014035522,0.122094141,0.071204359,0.229241143,0.109867277,0.09678608,0.448007044,0.346766212,0.659046484,0.263237379,0.326250672,0.344245049,-0.00029197,0.000570557,-0.004248908,-0.000576886,0.000459819,0.003326666,-0.00051953,-0.012246936,-0.015991892,-0.002439066,-0.017732307,-0.002773007,-0.007306286,-0.031838297,-0.036475896,-0.143397104,-0.169201898,-0.125945298,-0.178406975,-0.135774665,-0.134560247,-0.175352395,-0.129974436,-0.201465902,-0.149560869,-0.127689091
3,2,500,24,11,Skew,fitos,1,NA,0.193643391,0.233905556,0.090147832,0.459,0.083,0.033,0.009990871,0.014035522,0.122094141,0.071204359,0.229241143,0.109867277,0.09678608,0.448007044,0.346766212,0.659046484,0.263237379,0.326250672,0.344245049,-0.00029197,0.000570557,-0.004248908,-0.000576886,0.000459819,0.003326666,-0.00051953,-0.012246936,-0.015991892,-0.002439066,-0.017732307,-0.002773007,-0.007306286,-0.031746995,-0.036457742,-0.06893422,-0.10019287,-0.091870785,-0.135676719,-0.105474107,-0.084800968,-0.121180546,-0.085784763,-0.140825246,-0.095227003,-0.073749847
3,2,1000,24,11,Norm,gammaN.model,1,0.89,0.011096624,0.09190979,0.013833,0.044,0.046,0.045,0.006911069,0.009308046,0.05709497,0.031769578,0.105647867,0.049673543,0.045992231,0.175022507,0.115353413,0.282337393,0.061041899,0.128893929,0.125780821,0.000417784,-0.000116537,-0.002297263,-0.00024442,-0.0037547,0.000244421,-0.000679824,-0.004313446,-0.000818806,-0.009611825,-0.004065059,-0.005354735,-0.001418097,0.004093644,0.037778587,0.014888362,0.011267848,0.025350894,-0.013965565,-0.018951773,0.003360925,-0.0176297,-0.001587323,0.01005018,-0.020586732,-0.000317475
3,2,1000,24,11,Norm,gammaN.s,1,0.93,0.011012697,0.092120061,0.014645835,0.038,0.042,0.04,0.006910634,0.009308276,0.057065377,0.031800657,0.105832901,0.04967251,0.04601974,0.175431384,0.11607384,0.281738291,0.061750672,0.129766994,0.126189518,0.000415512,-0.00011485,-0.002230115,-0.000248508,-0.003854528,0.000218939,-0.000641668,-0.008367372,-0.005228062,-0.011464888,-0.008850594,-0.011375286,-0.006000968,0.004620037,0.038221953,0.021034746,0.016293426,0.029457136,-0.008691735,-0.014092889,0.005546225,-0.019037113,0.00227146,0.010672583,-0.018856762,0.001599797
3,2,1000,24,11,Norm,ridgeI,1,0,0.011249751,0.092720873,0.016293705,0.051,0.051,0.051,0.00696131,0.009361818,0.057150981,0.032094295,0.106935438,0.050003603,0.046530353,0.176392819,0.117134565,0.283273121,0.062262541,0.130011709,0.127258797,0.00045497,-0.000179596,-0.001793774,-0.000205135,-0.004052306,0.000203695,-0.000842651,-0.008000047,-0.00536105,-0.011410582,-0.008820658,-0.01099269,-0.006233176,-0.00790554,0.02704957,0.011286189,-0.000145471,0.011929482,-0.022457702,-0.03165968,-0.007574456,-0.034756148,-0.010387917,-0.004900617,-0.02811814,-0.013647254
3,2,1000,24,11,Norm,ridgeD,1,0,0.011249751,0.092720873,0.016293705,0.051,0.051,0.051,0.00696131,0.009361818,0.057150981,0.032094295,0.106935438,0.050003603,0.046530353,0.176392819,0.117134565,0.283273121,0.062262541,0.130011709,0.127258797,0.00045497,-0.000179596,-0.001793774,-0.000205135,-0.004052306,0.000203695,-0.000842651,-0.008000047,-0.00536105,-0.011410582,-0.008820658,-0.01099269,-0.006233176,-0.00790554,0.02704957,0.011286189,-0.000145471,0.011929482,-0.022457702,-0.03165968,-0.007574456,-0.034756148,-0.010387917,-0.004900617,-0.02811814,-0.013647254
3,2,1000,24,11,Norm,gls.model,1,1,0.011071185,0.091923556,0.01432004,0.043,0.043,0.041,0.006909281,0.009307747,0.057182735,0.031778454,0.105591075,0.049689753,0.045963617,0.17508406,0.115266089,0.282543495,0.060993943,0.128919536,0.125776447,0.00041264,-0.000109141,-0.002358196,-0.000250582,-0.003731421,0.000258462,-0.00065944,-0.003858485,-0.000257783,-0.009387249,-0.003476804,-0.004640676,-0.000830788,0.005676736,0.039104903,0.01587106,0.015684493,0.026797184,-0.011041608,-0.01514969,0.006682078,-0.013104911,0.001756573,0.014094132,-0.017217136,0.003980014
3,2,1000,24,11,Norm,gls.s,1,1,0.011008507,0.092123737,0.01538804,0.038,0.04,0.04,0.006909713,0.009308292,0.057094904,0.031801659,0.105816059,0.049675914,0.046002194,0.175462072,0.116042989,0.281756479,0.061742252,0.129816731,0.126179326,0.000412235,-0.000110126,-0.002263171,-0.000252605,-0.003844251,0.0002233,-0.000627274,-0.008397252,-0.005219416,-0.011465433,-0.008851974,-0.011395016,-0.005990417,0.005622199,0.039064082,0.02270457,0.020784598,0.030516501,-0.005618755,-0.010520372,0.00883743,-0.015292303,0.005689542,0.014232211,-0.015456785,0.00570517
3,2,1000,24,11,Norm,ls,1,1,3.067118381,0.156151844,0.87477124,1,0.144,0.049,0.00694481,0.009774975,0.058488925,0.035216021,0.212427799,0.173492637,0.173073271,0.232976022,0.209465259,0.501676731,0.069007155,0.169093801,0.178336564,0.000394283,-3.59E-06,-0.002646235,-0.000856164,0.001515732,0.029965272,0.043076159,-0.000805291,-0.013886361,-0.029780074,-0.005116299,-0.004054642,-0.01077081,-0.69926512,-0.448455141,-0.857907978,-0.768270988,-0.952925579,-0.955429668,-0.956602109,-0.980463882,-0.971826809,-0.974605656,-0.949472707,-0.929790536,-0.927009951
3,2,1000,24,11,Norm,wls,1,0,0.011249751,0.092720873,0.016293705,0.051,0.051,0.051,0.00696131,0.009361818,0.057150981,0.032094295,0.106935438,0.050003603,0.046530353,0.176392819,0.117134565,0.283273121,0.062262541,0.130011709,0.127258797,0.00045497,-0.000179596,-0.001793774,-0.000205135,-0.004052306,0.000203695,-0.000842651,-0.008000047,-0.00536105,-0.011410582,-0.008820658,-0.01099269,-0.006233176,-0.00790554,0.02704957,0.011286189,-0.000145471,0.011929482,-0.022457702,-0.03165968,-0.007574456,-0.034756148,-0.010387917,-0.004900617,-0.02811814,-0.013647254
3,2,1000,24,11,Norm,fites,1,NA,0.193643391,0.0919321,0.013959131,0.044,0.045,0.042,0.00690928,0.009307745,0.057182711,0.031778464,0.105590455,0.049689464,0.04596184,0.175057296,0.115195117,0.282556025,0.061024282,0.128913031,0.125951584,0.000412638,-0.000109137,-0.002358188,-0.000250592,-0.003733062,0.000258336,-0.000660123,-0.002847041,0.000745798,-0.008367402,-0.003686523,-0.00413321,-0.00133788,0.005145917,0.038582731,0.014412984,0.01181202,0.026517274,-0.013510025,-0.017713699,0.003008804,-0.016287337,-0.002264764,0.01114972,-0.020830132,-0.000233302
3,2,1000,24,11,Norm,fiteu,1,NA,0.193643391,0.0919321,0.01383809,0.044,0.045,0.044,0.00690928,0.009307745,0.057182711,0.031778464,0.105590455,0.049689464,0.04596184,0.175057296,0.115195117,0.282556025,0.061024282,0.128913031,0.125951584,0.000412638,-0.000109137,-0.002358188,-0.000250592,-0.003733062,0.000258336,-0.000660123,-0.002847041,0.000745798,-0.008367402,-0.003686523,-0.00413321,-0.00133788,0.005142895,0.03857832,0.011697956,0.009491668,0.026250195,-0.014390695,-0.018140251,0.001713823,-0.017823105,-0.003525982,0.0091609,-0.02232505,-0.001654325
3,2,1000,24,11,Norm,fitos,1,NA,0.193643391,0.0919321,0.015042111,0.044,0.054,0.052,0.00690928,0.009307745,0.057182711,0.031778464,0.105590455,0.049689464,0.04596184,0.175057296,0.115195117,0.282556025,0.061024282,0.128913031,0.125951584,0.000412638,-0.000109137,-0.002358188,-0.000250592,-0.003733062,0.000258336,-0.000660123,-0.002847041,0.000745798,-0.008367402,-0.003686523,-0.00413321,-0.00133788,0.005160381,0.03859953,0.022574641,0.018771421,0.030547462,-0.008211824,-0.01391463,0.006769007,-0.011650702,0.00154796,0.01722126,-0.016585079,0.003993549
3,2,1000,24,11,Elliptical,gammaN.model,1,0.68,0.016609169,0.132872154,0.032785026,0.29,0.05,0.044,0.006823756,0.009239445,0.081563803,0.047201419,0.156511261,0.070147828,0.064391746,0.252740365,0.171975163,0.390147235,0.103833826,0.186253043,0.186509116,0.000381163,-6.79E-05,-0.001085408,0.001864188,-0.000123288,0.000580863,-0.002159859,-0.037552334,-0.035036547,-0.038564926,-0.03845056,-0.041233796,-0.03844769,-0.009172006,0.018358506,-0.031795129,-0.072004338,-0.05163063,-0.036979898,-0.031081127,-0.013792587,-0.052212077,0.005914424,-0.058362527,-0.018064744,-0.026837351
3,2,1000,24,11,Elliptical,gammaN.s,1,0.64,0.015392778,0.133689857,0.033418769,0.205,0.042,0.036,0.006817772,0.009235031,0.082110999,0.047562379,0.156612651,0.070326768,0.064458165,0.253908679,0.1737451,0.389525711,0.1068238,0.188864364,0.187976726,0.000382221,-6.89E-05,-0.000842243,0.001885443,-0.000496252,0.000461815,-0.002252683,-0.04209415,-0.040257519,-0.041542818,-0.043932041,-0.04822612,-0.043377263,-0.008741206,0.018399535,-0.035102541,-0.075085561,-0.048340617,-0.036246754,-0.028403805,-0.01396162,-0.053547702,0.008124599,-0.063381863,-0.018389235,-0.026718955
3,2,1000,24,11,Elliptical,ridgeI,1,0.74,0.038174963,0.135991949,0.037965597,0.904,0.044,0.042,0.006844755,0.00931283,0.082607504,0.04796381,0.156310203,0.070557968,0.065318656,0.258724408,0.177718744,0.393916565,0.114134655,0.192915142,0.191570102,0.000395915,-7.59E-05,-0.002423373,7.20E-05,0.001207921,0.001196908,-0.001664709,-0.05602302,-0.052490669,-0.055031001,-0.055733691,-0.060099257,-0.052646948,-0.016305234,0.010312407,-0.04084558,-0.081730153,-0.049832672,-0.041293638,-0.040169407,-0.020483215,-0.053507079,0.007753415,-0.077332948,-0.019902146,-0.034084875
3,2,1000,24,11,Elliptical,ridgeD,1,0,0.011217567,0.136633219,0.039693291,0.039,0.039,0.039,0.006825255,0.009217026,0.082849156,0.048048962,0.156270131,0.070576196,0.065408146,0.261058664,0.178257781,0.393714178,0.11584235,0.19589406,0.192269939,0.000397894,-9.99E-05,-0.000653518,0.001373281,0.000564329,0.000288831,-0.00186938,-0.060411682,-0.055110002,-0.061569595,-0.058153377,-0.06524457,-0.055661181,-0.014893722,0.015401726,-0.043651558,-0.084201204,-0.047899914,-0.040634677,-0.04280589,-0.02452725,-0.055249607,0.007961909,-0.080343749,-0.023904475,-0.034537099
3,2,1000,24,11,Elliptical,gls.model,1,1,0.02627111,0.152799831,0.343570861,0.593,0.053,0.034,0.006940656,0.009440531,0.094507229,0.053613588,0.172022767,0.081517447,0.070782155,0.292226333,0.192313493,0.45535376,0.13098622,0.210453398,0.216240228,0.000405846,-1.62E-05,-0.001065604,0.003288689,-0.001043344,-6.99E-05,-0.003269959,-0.004036073,-0.003109954,-0.006789621,-0.003652402,-0.001255294,-0.009363905,-0.000699088,0.020304389,-0.386303256,-0.399997797,-0.373306073,-0.398233426,-0.359477521,-0.397496032,-0.407599794,-0.381323395,-0.528629232,-0.401342169,-0.411709021
3,2,1000,24,11,Elliptical,gls.s,1,1,0.025445337,0.146608517,0.315782269,0.586,0.051,0.03,0.006944951,0.009436954,0.090376504,0.051642042,0.17184533,0.079903606,0.070581017,0.281867732,0.187138574,0.434710028,0.108782942,0.204338936,0.208342099,0.000410422,-1.41E-05,-0.001063697,0.002773961,-0.001348,-0.000185084,-0.003310732,-0.012078663,-0.01682253,-0.009316863,-0.01905903,-0.018834475,-0.023253811,-0.001180863,0.020793117,-0.349386781,-0.367557409,-0.363621978,-0.378071891,-0.348534958,-0.37169772,-0.382734161,-0.352432383,-0.417705997,-0.371930986,-0.379521253
3,2,1000,24,11,Elliptical,ls,0.991,1,7.500790024,0.329774106,0.90109369,1,0.165489405,0.066599395,0.007059412,0.010101514,0.097273532,0.057775638,0.473728611,0.578071918,0.531028697,0.383115879,0.444938797,1.015238471,0.119755982,0.268888177,0.300086755,0.000384072,7.06E-05,-0.000879648,0.001414587,0.034679703,0.090969217,0.135379192,-0.009944495,-0.043686758,-0.114170722,-0.009275546,-0.012038802,-0.025364903,-0.701382617,-0.45751609,-0.914062731,-0.857785159,-0.978195788,-0.984918479,-0.98339411,-0.987586676,-0.98447881,-0.98383232,-0.97042818,-0.95515394,-0.955483069
3,2,1000,24,11,Elliptical,wls,1,0,0.011217567,0.136633219,0.039693291,0.039,0.039,0.039,0.006825255,0.009217026,0.082849156,0.048048962,0.156270131,0.070576196,0.065408146,0.261058664,0.178257781,0.393714178,0.11584235,0.19589406,0.192269939,0.000397894,-9.99E-05,-0.000653518,0.001373281,0.000564329,0.000288831,-0.00186938,-0.060411682,-0.055110002,-0.061569595,-0.058153377,-0.06524457,-0.055661181,-0.014893722,0.015401726,-0.043651558,-0.084201204,-0.047899914,-0.040634677,-0.04280589,-0.02452725,-0.055249607,0.007961909,-0.080343749,-0.023904475,-0.034537099
3,2,1000,24,11,Elliptical,fites,1,NA,0.193643391,0.152819034,0.079379278,0.596,0.058,0.037,0.006940649,0.009440526,0.094507053,0.053613096,0.172019525,0.081516501,0.070778627,0.292199062,0.19225969,0.455356471,0.131031012,0.210448286,0.216536951,0.000405847,-1.62E-05,-0.00106561,0.003288512,-0.001047925,-7.07E-05,-0.003271357,-0.003039976,-0.002122137,-0.005778476,-0.003857485,-0.000753491,-0.009864606,-0.002270687,0.017880582,-0.077985149,-0.113975804,-0.070029578,-0.095413247,-0.052738459,-0.072202971,-0.085573018,-0.058134974,-0.221771654,-0.074224766,-0.089729729
3,2,1000,24,11,Elliptical,fiteu,1,NA,0.193643391,0.152819034,0.096336128,0.596,0.064,0.039,0.006940649,0.009440526,0.094507053,0.053613096,0.172019525,0.081516501,0.070778627,0.292199062,0.19225969,0.455356471,0.131031012,0.210448286,0.216536951,0.000405847,-1.62E-05,-0.00106561,0.003288512,-0.001047925,-7.07E-05,-0.003271357,-0.003039976,-0.002122137,-0.005778476,-0.003857485,-0.000753491,-0.009864606,-0.002185912,0.01791027,-0.113417108,-0.138863309,-0.074105894,-0.107371501,-0.058478383,-0.090740352,-0.107336027,-0.077150826,-0.256728187,-0.097142107,-0.110939786
3,2,1000,24,11,Elliptical,fitos,1,NA,0.193643391,0.152819034,0.052580593,0.596,0.076,0.045,0.006940649,0.009440526,0.094507053,0.053613096,0.172019525,0.081516501,0.070778627,0.292199062,0.19225969,0.455356471,0.131031012,0.210448286,0.216536951,0.000405847,-1.62E-05,-0.00106561,0.003288512,-0.001047925,-7.07E-05,-0.003271357,-0.003039976,-0.002122137,-0.005778476,-0.003857485,-0.000753491,-0.009864606,-0.002202619,0.017956621,-0.024655776,-0.075957501,-0.052940908,-0.066193982,-0.032842597,-0.047059026,-0.053493852,-0.032314756,-0.17429414,-0.042827613,-0.060808322
3,2,1000,24,11,Skew,gammaN.model,1,0.65,0.015185662,0.149558747,0.040246392,0.203,0.043,0.04,0.006964808,0.009417001,0.07407265,0.041085145,0.145548966,0.065342014,0.058816923,0.305529668,0.206679042,0.419200045,0.181087763,0.211773107,0.218746583,-0.001389739,-0.000950859,-0.000781305,0.00047046,0.00071491,0.000141106,0.000545737,-0.059244437,-0.053141098,-0.05338541,-0.060043785,-0.060559181,-0.048423355,-0.025335739,-0.005666928,-0.013661768,0.010936245,-0.044960896,-0.03303558,-0.011485311,-0.088579622,-0.05924855,-0.053355576,-0.114086399,-0.032567969,-0.030282511
3,2,1000,24,11,Skew,gammaN.s,1,0.58,0.013607799,0.149748004,0.037722735,0.121,0.039,0.032,0.00696975,0.00940429,0.074155148,0.041248342,0.144860209,0.065423299,0.058763594,0.305748179,0.206673117,0.416561984,0.183151584,0.214147018,0.219617536,-0.001460174,-0.000997445,-0.000498301,0.00040884,0.001050091,0.000112097,0.000444273,-0.064895607,-0.058511945,-0.05797485,-0.065337867,-0.067445437,-0.05308864,-0.025029791,-0.00497555,-0.011692048,0.010198475,-0.040041166,-0.032914799,-0.008831285,-0.084366892,-0.055831358,-0.045539808,-0.113053093,-0.029560469,-0.028360824
3,2,1000,24,11,Skew,ridgeI,1,0.81,0.049101042,0.153366906,0.040010667,0.97,0.049,0.047,0.007185453,0.009556667,0.073958469,0.04189012,0.148932744,0.066686523,0.060392753,0.30941104,0.212042065,0.419093167,0.196219382,0.221751688,0.22664971,-0.002140824,-0.001428018,-0.00079689,-0.000610228,-0.000674539,0.000916389,0.001121446,-0.079206493,-0.076573918,-0.067691577,-0.089184484,-0.084806031,-0.069215994,-0.036715807,-0.012984413,0.006171774,0.016775716,-0.052298903,-0.036280894,-0.014759274,-0.083960857,-0.047629615,-0.039566863,-0.114429423,-0.025678254,-0.032886876
3,2,1000,24,11,Skew,ridgeD,1,0,0.011321993,0.155044723,0.043264759,0.044,0.044,0.044,0.007248072,0.009575415,0.074737117,0.042173257,0.149143662,0.066975563,0.060707653,0.313857429,0.21154377,0.420976597,0.201473341,0.22722635,0.229943173,-0.002379783,-0.001663497,0.001335323,0.001009642,0.000865414,0.000492187,0.000819952,-0.087606892,-0.085741212,-0.080496473,-0.095768113,-0.092651377,-0.076609678,-0.03772389,-0.020329291,0.003553392,0.013435127,-0.05161426,-0.039202985,-0.025220149,-0.090726011,-0.044929031,-0.046094503,-0.119444661,-0.033422546,-0.036746022
3,2,1000,24,11,Skew,gls.model,1,1,0.024470209,0.192677111,0.402256378,0.5,0.043,0.027,0.00698977,0.009435062,0.095867374,0.050444844,0.168569182,0.073657688,0.065917158,0.370065787,0.259077218,0.510720896,0.325709054,0.301841386,0.26650702,-0.00023501,-0.000100974,-0.003574297,5.21E-06,0.000809197,0.000386013,1.96E-06,-0.014347784,-0.004204035,-0.01240555,0.006934271,7.27E-05,-0.005205332,-0.009121763,0.01893135,-0.389505142,-0.358505191,-0.359834081,-0.331828278,-0.312320718,-0.520622772,-0.560659352,-0.446934536,-0.811325057,-0.583726608,-0.526018064
3,2,1000,24,11,Skew,gls.s,1,1,0.023705692,0.177288467,0.371273134,0.496,0.043,0.024,0.006994922,0.009429037,0.086037957,0.047388059,0.167690562,0.073538232,0.065715868,0.360701542,0.250902807,0.49229912,0.229054799,0.258463246,0.256533915,-0.00023554,-0.000105509,-0.002856878,-0.000371754,0.001706328,0.000220558,2.69E-05,-0.024106702,-0.016341717,-0.018358077,-0.01136784,-0.019904749,-0.016879661,-0.009712235,0.019749126,-0.311875634,-0.307107778,-0.348530863,-0.322918191,-0.30139189,-0.504030706,-0.541605216,-0.424402461,-0.728378784,-0.504345874,-0.502501979
3,2,1000,24,11,Skew,ls,0.996,1,6.580335562,0.538357692,0.903826334,1,0.182730924,0.059236948,0.007070628,0.010090367,0.088630835,0.060228188,0.821964958,1.164729988,0.967447889,0.470682484,0.756105935,1.725932068,0.222372675,0.31690187,0.386492108,-0.000190289,-4.01E-05,-0.000794738,0.000820145,0.114907336,0.195819193,0.210198701,-0.035322321,-0.076314016,-0.211117158,-0.006511669,-0.030188062,-0.018729221,-0.698939419,-0.451217425,-0.903805533,-0.860830686,-0.98714808,-0.989670533,-0.985796633,-0.989205157,-0.987730224,-0.984592619,-0.984124875,-0.961009931,-0.965671228
3,2,1000,24,11,Skew,wls,1,0,0.011321993,0.155044723,0.043264759,0.044,0.044,0.044,0.007248072,0.009575415,0.074737117,0.042173257,0.149143662,0.066975563,0.060707653,0.313857429,0.21154377,0.420976597,0.201473341,0.22722635,0.229943173,-0.002379783,-0.001663497,0.001335323,0.001009642,0.000865414,0.000492187,0.000819952,-0.087606892,-0.085741212,-0.080496473,-0.095768113,-0.092651377,-0.076609678,-0.03772389,-0.020329291,0.003553392,0.013435127,-0.05161426,-0.039202985,-0.025220149,-0.090726011,-0.044929031,-0.046094503,-0.119444661,-0.033422546,-0.036746022
3,2,1000,24,11,Skew,fites,1,NA,0.193643391,0.192677025,0.144879766,0.507,0.047,0.028,0.006989772,0.009435073,0.095867328,0.05044478,0.168569722,0.073657245,0.065921044,0.369927716,0.259172525,0.510572746,0.325783471,0.301739865,0.266720043,-0.000235009,-0.000100979,-0.003574231,5.15E-06,0.000811288,0.000385781,2.17E-06,-0.013362032,-0.00318017,-0.01143552,0.00673189,0.000563855,-0.005690284,-0.011171266,0.017066658,-0.164633967,-0.117521478,-0.10912995,-0.084325158,-0.06271062,-0.171397311,-0.155353295,-0.136853873,-0.460272975,-0.264816766,-0.128183646
3,2,1000,24,11,Skew,fiteu,1,NA,0.193643391,0.192677025,0.157752647,0.507,0.047,0.029,0.006989772,0.009435073,0.095867328,0.05044478,0.168569722,0.073657245,0.065921044,0.369927716,0.259172525,0.510572746,0.325783471,0.301739865,0.266720043,-0.000235009,-0.000100979,-0.003574231,5.15E-06,0.000811288,0.000385781,2.17E-06,-0.013362032,-0.00318017,-0.01143552,0.00673189,0.000563855,-0.005690284,-0.01102327,0.016981394,-0.192201513,-0.137161049,-0.112379281,-0.091211716,-0.065984297,-0.182859097,-0.170949239,-0.149390668,-0.485951557,-0.289827816,-0.144863514
3,2,1000,24,11,Skew,fitos,1,NA,0.193643391,0.192677025,0.122258958,0.507,0.065,0.035,0.006989772,0.009435073,0.095867328,0.05044478,0.168569722,0.073657245,0.065921044,0.369927716,0.259172525,0.510572746,0.325783471,0.301739865,0.266720043,-0.000235009,-0.000100979,-0.003574231,5.15E-06,0.000811288,0.000385781,2.17E-06,-0.013362032,-0.00318017,-0.01143552,0.00673189,0.000563855,-0.005690284,-0.011309656,0.017303717,-0.117495473,-0.080520342,-0.092485643,-0.062724423,-0.044084113,-0.154275111,-0.132682992,-0.11758116,-0.425488505,-0.229248953,-0.104166369