p,m,n,q,df,distribution,method,convergence,a,F,average RMSE,avereage SE BIAS,T,T_SB,T_MVA,RMSE.alpha1,RMSE.alpha2,RMSE.psi11,RMSE.psi22,RMSE.psi33,RMSE.phi11,RMSE.phi12,RMSE.phi22,BIAS.alpha1,BIAS.alpha2,BIAS.psi11,BIAS.psi22,BIAS.psi33,BIAS.phi11,BIAS.phi12,BIAS.phi22,SE BIAS.alpha1,SE BIAS.alpha2,SE BIAS.psi11,SE BIAS.psi22,SE BIAS.psi33,SE BIAS.phi11,SE BIAS.phi12,SE BIAS.phi22
3,2,50,8,1,Norm,gammaN.model,1,1,0.020296353,0.508725734,0.016455122,0.054,0.054,0.054,0.030425764,0.044107306,0.770522612,0.539618841,1.238820955,0.277190022,0.562893739,0.60622663,0.0005553,-0.001100206,0.016174282,-0.052824657,0.031759827,-0.013637628,0.018592667,-0.036171849,0.01056317,-0.031585918,-0.001860374,-0.011578265,-0.023237878,0.002182508,-0.015845263,-0.0347876
3,2,50,8,1,Norm,gammaN.s,1,1,0.020296353,0.508725734,0.016455122,0.054,0.054,0.054,0.030425764,0.044107306,0.770522612,0.539618841,1.238820955,0.277190022,0.562893739,0.60622663,0.0005553,-0.001100206,0.016174282,-0.052824657,0.031759827,-0.013637628,0.018592667,-0.036171849,0.01056317,-0.031585918,-0.001860374,-0.011578265,-0.023237878,0.002182508,-0.015845263,-0.0347876
3,2,50,8,1,Norm,ridgeI,1,1,0.475534014,0.508609075,0.964600011,0.684,0.054,0.054,0.030002762,0.043597038,0.770522612,0.539618841,1.238820955,0.277190022,0.562893739,0.60622663,0.000595581,-0.001242128,0.016174282,-0.052824657,0.031759827,-0.013637628,0.018592667,-0.036171849,-0.913146017,-0.884015677,-0.982128565,-0.986240432,-0.989051181,-0.988307792,-0.985905126,-0.988005297
3,2,50,8,1,Norm,ridgeD,1,1,0.002422682,0.508677705,1.743141764,0,0.054,0.054,0.030118652,0.044030187,0.770522612,0.539618841,1.238820955,0.277190022,0.562893739,0.60622663,0.000455506,-0.000815352,0.016174282,-0.052824657,0.031759827,-0.013637628,0.018592667,-0.036171849,-0.00488896,0.643754886,2.537763547,2.673051973,2.648209531,1.374614288,2.070681619,1.992169311
3,2,50,8,1,Norm,gls.model,1,1,0.020296353,0.508725734,0.04047945,0.054,0.054,0.054,0.030425764,0.044107306,0.770522612,0.539618841,1.238820955,0.277190022,0.562893739,0.60622663,0.0005553,-0.001100206,0.016174282,-0.052824657,0.031759827,-0.013637628,0.018592667,-0.036171849,0.01056317,-0.031585918,-0.001860374,-0.011578265,-0.023237878,0.002182508,-0.015845263,-0.0347876
3,2,50,8,1,Norm,gls.s,1,1,0.020296353,0.508725734,0.04047945,0.054,0.054,0.054,0.030425764,0.044107306,0.770522612,0.539618841,1.238820955,0.277190022,0.562893739,0.60622663,0.0005553,-0.001100206,0.016174282,-0.052824657,0.031759827,-0.013637628,0.018592667,-0.036171849,0.01056317,-0.031585918,-0.001860374,-0.011578265,-0.023237878,0.002182508,-0.015845263,-0.0347876
3,2,50,8,1,Norm,ls,1,1,0.475534014,0.508609075,0.964600011,0.684,0.054,0.054,0.030002762,0.043597038,0.770522612,0.539618841,1.238820955,0.277190022,0.562893739,0.60622663,0.000595581,-0.001242128,0.016174282,-0.052824657,0.031759827,-0.013637628,0.018592667,-0.036171849,-0.913146017,-0.884015677,-0.982128565,-0.986240432,-0.989051181,-0.988307792,-0.985905126,-0.988005297
3,2,50,8,1,Norm,wls,1,0,0.020296353,0.520157289,0.069738051,0.054,0.054,0.054,0.030425764,0.044107306,0.792982131,0.549786943,1.268165495,0.282172666,0.575243035,0.618374972,0.0005553,-0.001100206,0.01697899,-0.050150498,0.031534644,-0.011731204,0.020662123,-0.036111199,0.01056317,-0.031585918,-0.08411835,-0.083521738,-0.09909257,-0.06179044,-0.085425488,-0.101806737
3,2,50,8,1,Norm,fites,0.998,NA,0.054962191,0.510505046,0.056892239,0.0501002,0.057114228,0.057114228,0.030444211,0.044134271,0.77074121,0.535679023,1.2396617,0.279671503,0.562825195,0.620883257,0.000527105,-0.001063371,0.034966545,-0.033281186,0.051679038,-0.0169763,0.028006894,-0.045432226,-9.03E-05,-0.042049884,-0.06297075,-0.066762445,-0.085425438,-0.043651158,-0.065382748,-0.088805166
3,2,50,8,1,Norm,fiteu,0.998,NA,0.054962191,0.510505046,0.056892239,0.0501002,0.0501002,0.0501002,0.030444211,0.044134271,0.77074121,0.535679023,1.2396617,0.279671503,0.562825195,0.620883257,0.000527105,-0.001063371,0.034966545,-0.033281186,0.051679038,-0.0169763,0.028006894,-0.045432226,-9.03E-05,-0.042049884,-0.06297075,-0.066762445,-0.085425438,-0.043651158,-0.065382748,-0.088805166
3,2,50,8,1,Norm,fitos,0.998,NA,0.054962191,0.510505046,0.055945023,0.0501002,0.070140281,0.070140281,0.030444211,0.044134271,0.77074121,0.535679023,1.2396617,0.279671503,0.562825195,0.620883257,0.000527105,-0.001063371,0.034966545,-0.033281186,0.051679038,-0.0169763,0.028006894,-0.045432226,-9.03E-05,-0.042049884,-0.06136385,-0.063943145,-0.08432598,-0.043035359,-0.064871524,-0.08788012
3,2,50,8,1,Elliptical,gammaN.model,1,0.2,0.020348245,0.793093991,0.172708625,0.048,0.047,0.047,0.031309091,0.044877914,1.176076179,0.828117954,1.917750472,0.468038561,0.955530686,0.923051071,0.000183487,-0.000459847,-0.010400901,-0.085720464,-0.032874781,-0.031947376,0.011515199,-0.018442716,-0.039452109,-0.063465737,-0.193329457,-0.183546404,-0.189790602,-0.226888811,-0.272286641,-0.212909235
3,2,50,8,1,Elliptical,gammaN.s,1,0.12,0.019972608,0.79473251,0.174079046,0.047,0.047,0.047,0.031269985,0.044813384,1.178017291,0.830807802,1.922252974,0.469398733,0.955627789,0.925672119,0.000150221,-0.000458199,-0.011725915,-0.086478425,-0.034183303,-0.032399481,0.010431551,-0.018585905,-0.038268872,-0.062156618,-0.194989768,-0.186876141,-0.192005088,-0.229556218,-0.272574198,-0.216205465
3,2,50,8,1,Elliptical,ridgeI,1,0.92,0.163519666,0.78918876,0.168113941,0.483,0.047,0.047,0.031041661,0.044522243,1.167999371,0.824194342,1.907280456,0.466143314,0.951437427,0.920891264,0.000207445,-0.000488191,-0.004127589,-0.08046661,-0.026742559,-0.030923486,0.01486434,-0.01841966,-0.029139699,-0.053859821,-0.190275823,-0.182094416,-0.187804662,-0.223013179,-0.269826291,-0.208897641
3,2,50,8,1,Elliptical,ridgeD,1,0.01,0.018429804,0.795826835,0.173850653,0.04,0.047,0.047,0.031201193,0.044725555,1.178748153,0.834256091,1.924525936,0.468862745,0.959859427,0.924435581,0.000163776,-0.000425604,-0.013904169,-0.090165196,-0.034588114,-0.03257172,0.009756298,-0.018816948,-0.035965405,-0.060106501,-0.194381397,-0.187195841,-0.193202081,-0.228815763,-0.275671423,-0.21546681
3,2,50,8,1,Elliptical,gls.model,1,1,0.019972608,0.847661628,0.18631676,0.047,0.047,0.047,0.031269985,0.044813384,1.277286142,0.892540453,2.0498234,0.491426437,1.028551231,0.965581993,0.000150221,-0.000458199,0.029751639,-0.037782414,-0.003550106,-0.022178302,0.035289824,-0.015913896,-0.038268872,-0.062156618,-0.406398389,-0.411633911,-0.387312769,-0.433595762,-0.470286175,-0.402661649
3,2,50,8,1,Elliptical,gls.s,1,1,0.019972608,0.847661628,0.18631676,0.047,0.047,0.047,0.031269985,0.044813384,1.277286142,0.892540453,2.0498234,0.491426437,1.028551231,0.965581993,0.000150221,-0.000458199,0.029751639,-0.037782414,-0.003550106,-0.022178302,0.035289824,-0.015913896,-0.038268872,-0.062156618,-0.406398389,-0.411633911,-0.387312769,-0.433595762,-0.470286175,-0.402661649
3,2,50,8,1,Elliptical,ls,1,1,0.471209036,0.847609263,0.969447282,0.664,0.047,0.047,0.030982902,0.044681545,1.277286142,0.892540453,2.0498234,0.491426437,1.028551231,0.965581993,0.000396424,-0.000618963,0.029751639,-0.037782414,-0.003550106,-0.022178302,0.035289824,-0.015913896,-0.915886564,-0.886936572,-0.989360756,-0.991847143,-0.993150655,-0.993348577,-0.992410548,-0.992637438
3,2,50,8,1,Elliptical,wls,1,0,0.019972608,0.795914183,0.173470158,0.047,0.047,0.047,0.031269985,0.044813384,1.179252069,0.835564671,1.924687926,0.47043036,0.953987418,0.927307651,0.000150221,-0.000458199,-0.017381945,-0.09311879,-0.038360557,-0.033793278,0.007041787,-0.01895027,-0.038268872,-0.062156618,-0.19233507,-0.185945801,-0.190573114,-0.230647588,-0.269656023,-0.218178181
3,2,50,8,1,Elliptical,fites,0.999,NA,0.054962191,0.850290708,0.201468902,0.045045045,0.051051051,0.051051051,0.031274294,0.044825556,1.277535024,0.88926767,2.05482774,0.495775026,1.02805862,0.980761729,0.000176053,-0.000491084,0.046228825,-0.017542855,0.009429096,-0.025620342,0.042615943,-0.021713822,-0.048399675,-0.071681446,-0.247046021,-0.243542446,-0.227189248,-0.246684472,-0.311103663,-0.216104246
3,2,50,8,1,Elliptical,fiteu,0.999,NA,0.054962191,0.850290708,0.201468902,0.045045045,0.045045045,0.045045045,0.031274294,0.044825556,1.277535024,0.88926767,2.05482774,0.495775026,1.02805862,0.980761729,0.000176053,-0.000491084,0.046228825,-0.017542855,0.009429096,-0.025620342,0.042615943,-0.021713822,-0.048399675,-0.071681446,-0.247046021,-0.243542446,-0.227189248,-0.246684472,-0.311103663,-0.216104246
3,2,50,8,1,Elliptical,fitos,0.999,NA,0.054962191,0.850290708,0.198751296,0.045045045,0.067067067,0.067067067,0.031274294,0.044825556,1.277535024,0.88926767,2.05482774,0.495775026,1.02805862,0.980761729,0.000176053,-0.000491084,0.046228825,-0.017542855,0.009429096,-0.025620342,0.042615943,-0.021713822,-0.048399675,-0.071681446,-0.242145772,-0.237078742,-0.223410487,-0.245395548,-0.308641698,-0.213257002
3,2,50,8,1,Skew,gammaN.model,1,0.12,0.021739446,0.881151578,0.209788807,0.05,0.044,0.044,0.031627062,0.042079021,1.258440477,0.886735714,2.007033344,0.850646698,0.968398883,1.004251421,-0.002417563,0.001158762,-0.127912018,-0.173840461,-0.199340572,-0.058043625,-0.052351364,-0.022857809,-0.084055974,-0.037870748,-0.190944982,-0.220365179,-0.170306998,-0.415082694,-0.28781034,-0.271873541
3,2,50,8,1,Skew,gammaN.s,1,0.13,0.021232273,0.879012903,0.210355032,0.044,0.044,0.044,0.031625301,0.042000948,1.254135918,0.873667351,2.005957364,0.850124494,0.969527756,1.005064093,-0.002563221,0.001166915,-0.123179133,-0.160663682,-0.19599582,-0.057492567,-0.050423211,-0.022629096,-0.083569298,-0.036121577,-0.19187186,-0.222144728,-0.172642253,-0.414794464,-0.289677771,-0.272018302
3,2,50,8,1,Skew,ridgeI,1,0.87,0.118981982,0.876583052,0.210196917,0.434,0.044,0.044,0.031584244,0.042026424,1.242827873,0.872559307,1.99193474,0.853290064,0.975216992,1.003224775,-0.002035528,0.001090358,-0.113601504,-0.162206532,-0.188175383,-0.054761717,-0.049614658,-0.019521554,-0.08257824,-0.034961065,-0.191824159,-0.216649018,-0.172859517,-0.417966697,-0.293347519,-0.271389119
3,2,50,8,1,Skew,ridgeD,1,0,0.021232273,0.882367731,0.206220395,0.044,0.044,0.044,0.031625301,0.042000948,1.263165715,0.889842319,2.018069771,0.847179521,0.963538919,1.003519355,-0.002563221,0.001166915,-0.137236625,-0.182732525,-0.208484432,-0.060551217,-0.054415893,-0.024863357,-0.083569298,-0.036121577,-0.18554814,-0.213775938,-0.165834762,-0.41130826,-0.283093522,-0.270511664
3,2,50,8,1,Skew,gls.model,1,1,0.021232273,0.990849773,0.258866764,0.044,0.044,0.044,0.031625301,0.042000948,1.457575336,1.071378649,2.222832613,0.909447747,1.081403477,1.110534111,-0.002563221,0.001166915,-0.029102074,-0.012972197,-0.112418188,-0.037023143,-0.023702957,-0.007676739,-0.083569298,-0.036121577,-0.476954776,-0.541731146,-0.400510649,-0.695495094,-0.49842203,-0.504796419
3,2,50,8,1,Skew,gls.s,1,1,0.021232273,0.990849773,0.258866764,0.044,0.044,0.044,0.031625301,0.042000948,1.457575336,1.071378649,2.222832613,0.909447747,1.081403477,1.110534111,-0.002563221,0.001166915,-0.029102074,-0.012972197,-0.112418188,-0.037023143,-0.023702957,-0.007676739,-0.083569298,-0.036121577,-0.476954776,-0.541731146,-0.400510649,-0.695495094,-0.49842203,-0.504796419
3,2,50,8,1,Skew,ls,1,1,0.477498489,0.991038511,0.970035409,0.679,0.044,0.044,0.032097776,0.043038376,1.457575336,1.071378649,2.222832613,0.909447747,1.081403477,1.110534111,-0.000292105,0.000882022,-0.029102074,-0.012972197,-0.112418188,-0.037023143,-0.023702957,-0.007676739,-0.918755492,-0.882782621,-0.99011202,-0.993384683,-0.992897499,-0.996351078,-0.992347569,-0.993652309
3,2,50,8,1,Skew,wls,1,0,0.021232273,0.882367731,0.206220395,0.044,0.044,0.044,0.031625301,0.042000948,1.263165715,0.889842319,2.018069771,0.847179521,0.963538919,1.003519355,-0.002563221,0.001166915,-0.137236625,-0.182732525,-0.208484432,-0.060551217,-0.054415893,-0.024863357,-0.083569298,-0.036121577,-0.18554814,-0.213775938,-0.165834762,-0.41130826,-0.283093522,-0.270511664
3,2,50,8,1,Skew,fites,1,NA,0.054962191,0.994491537,0.273645955,0.042,0.052,0.052,0.031625301,0.042000949,1.459239509,1.076808767,2.221383456,0.914087371,1.080983099,1.129803842,-0.002563221,0.001166916,-0.009384243,0.006423912,-0.095120828,-0.039581236,-0.014444855,-0.015238212,-0.092779886,-0.045809055,-0.313859572,-0.369951228,-0.265078414,-0.443272678,-0.350428242,-0.307988564
3,2,50,8,1,Skew,fiteu,1,NA,0.054962191,0.994491537,0.273645955,0.042,0.042,0.042,0.031625301,0.042000949,1.459239509,1.076808767,2.221383456,0.914087371,1.080983099,1.129803842,-0.002563221,0.001166916,-0.009384243,0.006423912,-0.095120828,-0.039581236,-0.014444855,-0.015238212,-0.092779886,-0.045809055,-0.313859572,-0.369951228,-0.265078414,-0.443272678,-0.350428242,-0.307988564
3,2,50,8,1,Skew,fitos,1,NA,0.054962191,0.994491537,0.26905471,0.042,0.078,0.078,0.031625301,0.042000949,1.459239509,1.076808767,2.221383456,0.914087371,1.080983099,1.129803842,-0.002563221,0.001166916,-0.009384243,0.006423912,-0.095120828,-0.039581236,-0.014444855,-0.015238212,-0.092779886,-0.045809055,-0.305248861,-0.357371118,-0.257552562,-0.441876375,-0.347410558,-0.304389266
3,2,100,8,1,Norm,gammaN.model,1,1,0.010518625,0.355066413,0.016188645,0.052,0.052,0.052,0.021573857,0.030085415,0.534979595,0.374443012,0.884844926,0.19515398,0.380177184,0.419273336,0.00025682,-0.000725413,0.026039054,-0.035213432,0.03155898,-0.006846792,0.024023285,-0.021678022,0.014647779,0.012623568,0.01346128,-0.0046088,-0.026846034,0.003836326,0.030252381,-0.023232993
3,2,100,8,1,Norm,gammaN.s,1,1,0.010518625,0.355066413,0.016188645,0.052,0.052,0.052,0.021573857,0.030085415,0.534979595,0.374443012,0.884844926,0.19515398,0.380177184,0.419273336,0.00025682,-0.000725413,0.026039054,-0.035213432,0.03155898,-0.006846792,0.024023285,-0.021678022,0.014647779,0.012623568,0.01346128,-0.0046088,-0.026846034,0.003836326,0.030252381,-0.023232993
3,2,100,8,1,Norm,ridgeI,1,1,0.253381467,0.35502277,0.964350032,0.694,0.052,0.052,0.021361933,0.02994819,0.534979595,0.374443012,0.884844926,0.19515398,0.380177184,0.419273336,0.000182281,-0.000644879,0.026039054,-0.035213432,0.03155898,-0.006846792,0.024023285,-0.021678022,-0.914157845,-0.881305508,-0.982048991,-0.986312415,-0.989210551,-0.988403481,-0.985375781,-0.987985683
3,2,100,8,1,Norm,ridgeD,1,1,0.00125022,0.355081863,1.823043951,0,0.052,0.052,0.021444901,0.030337971,0.534979595,0.374443012,0.884844926,0.19515398,0.380177184,0.419273336,0.000102479,-0.000392414,0.026039054,-0.035213432,0.03155898,-0.006846792,0.024023285,-0.021678022,-0.00961801,0.688947795,2.649316413,2.761499239,2.700133852,1.419483221,2.274399105,2.080953976
3,2,100,8,1,Norm,gls.model,1,1,0.010518625,0.355066413,0.020514568,0.052,0.052,0.052,0.021573857,0.030085415,0.534979595,0.374443012,0.884844926,0.19515398,0.380177184,0.419273336,0.00025682,-0.000725413,0.026039054,-0.035213432,0.03155898,-0.006846792,0.024023285,-0.021678022,0.014647779,0.012623568,0.01346128,-0.0046088,-0.026846034,0.003836326,0.030252381,-0.023232993
3,2,100,8,1,Norm,gls.s,1,1,0.010518625,0.355066413,0.020514568,0.052,0.052,0.052,0.021573857,0.030085415,0.534979595,0.374443012,0.884844926,0.19515398,0.380177184,0.419273336,0.00025682,-0.000725413,0.026039054,-0.035213432,0.03155898,-0.006846792,0.024023285,-0.021678022,0.014647779,0.012623568,0.01346128,-0.0046088,-0.026846034,0.003836326,0.030252381,-0.023232993
3,2,100,8,1,Norm,ls,1,1,0.253381467,0.35502277,0.964350032,0.694,0.052,0.052,0.021361933,0.02994819,0.534979595,0.374443012,0.884844926,0.19515398,0.380177184,0.419273336,0.000182281,-0.000644879,0.026039054,-0.035213432,0.03155898,-0.006846792,0.024023285,-0.021678022,-0.914157845,-0.881305508,-0.982048991,-0.986312415,-0.989210551,-0.988403481,-0.985375781,-0.987985683
3,2,100,8,1,Norm,wls,1,0,0.010518625,0.360069626,0.032868981,0.052,0.052,0.052,0.021573857,0.030085415,0.544576143,0.377085034,0.902804421,0.196826845,0.382373881,0.425231415,0.00025682,-0.000725413,0.026153076,-0.031397726,0.025833463,-0.006897676,0.022528572,-0.019936296,0.014647779,0.012623568,-0.033763961,-0.044524217,-0.066857089,-0.026221732,0.00104422,-0.063269283
3,2,100,8,1,Norm,fites,0.999,NA,0.054962191,0.355931932,0.025878001,0.052052052,0.053053053,0.053053053,0.021582871,0.030091714,0.535470281,0.373182228,0.885799053,0.196091633,0.380129419,0.425108259,0.000247837,-0.000750043,0.035594864,-0.025048209,0.040278918,-0.008727728,0.028518053,-0.02648131,0.009146699,0.007246869,-0.020585962,-0.036940127,-0.057130571,-0.018761095,0.004457382,-0.052755303
3,2,100,8,1,Norm,fiteu,0.999,NA,0.054962191,0.355931932,0.025878001,0.052052052,0.052052052,0.052052052,0.021582871,0.030091714,0.535470281,0.373182228,0.885799053,0.196091633,0.380129419,0.425108259,0.000247837,-0.000750043,0.035594864,-0.025048209,0.040278918,-0.008727728,0.028518053,-0.02648131,0.009146699,0.007246869,-0.020585962,-0.036940127,-0.057130571,-0.018761095,0.004457382,-0.052755303
3,2,100,8,1,Norm,fitos,0.999,NA,0.054962191,0.355931932,0.025565774,0.052052052,0.06006006,0.06006006,0.021582871,0.030091714,0.535470281,0.373182228,0.885799053,0.196091633,0.380129419,0.425108259,0.000247837,-0.000750043,0.035594864,-0.025048209,0.040278918,-0.008727728,0.028518053,-0.02648131,0.009146699,0.007246869,-0.019785217,-0.035902479,-0.056633053,-0.018534675,0.004968218,-0.052308984
3,2,100,8,1,Elliptical,gammaN.model,1,0,0.010695484,0.534053314,0.078149816,0.059,0.059,0.059,0.021814646,0.029856872,0.803758114,0.556449846,1.352245617,0.314335312,0.596256363,0.597709742,0.000105647,-0.000146038,-0.037064003,-0.061058059,-0.043576808,-0.028445128,-0.01762312,-0.01342077,-0.013546797,0.007060042,-0.086078381,-0.094668931,-0.104568531,-0.129224301,-0.104497391,-0.085554157
3,2,100,8,1,Elliptical,gammaN.s,1,0,0.010695484,0.534053314,0.078149816,0.059,0.059,0.059,0.021814646,0.029856872,0.803758114,0.556449846,1.352245617,0.314335312,0.596256363,0.597709742,0.000105647,-0.000146038,-0.037064003,-0.061058059,-0.043576808,-0.028445128,-0.01762312,-0.01342077,-0.013546797,0.007060042,-0.086078381,-0.094668931,-0.104568531,-0.129224301,-0.104497391,-0.085554157
3,2,100,8,1,Elliptical,ridgeI,1,0.77,0.040625754,0.533534567,0.078926552,0.321,0.059,0.059,0.021792199,0.029819358,0.803826165,0.552493548,1.350267992,0.314474235,0.597517529,0.598085506,0.000104049,-0.000153158,-0.034850323,-0.057572252,-0.040231977,-0.027452575,-0.015491778,-0.012637561,-0.012394407,0.008498861,-0.087880465,-0.091690129,-0.105963913,-0.130465372,-0.108073316,-0.08644595
3,2,100,8,1,Elliptical,ridgeD,1,0,0.010695484,0.534053314,0.078149816,0.059,0.059,0.059,0.021814646,0.029856872,0.803758114,0.556449846,1.352245617,0.314335312,0.596256363,0.597709742,0.000105647,-0.000146038,-0.037064003,-0.061058059,-0.043576808,-0.028445128,-0.01762312,-0.01342077,-0.013546797,0.007060042,-0.086078381,-0.094668931,-0.104568531,-0.129224301,-0.104497391,-0.085554157
3,2,100,8,1,Elliptical,gls.model,1,1,0.010695484,0.683218114,0.198045833,0.059,0.059,0.059,0.021814646,0.029856872,1.082782832,0.666051618,1.785036662,0.337534791,0.80850712,0.734160369,0.000105647,-0.000146038,-0.006548733,-0.024466258,0.006457151,-0.018694194,0.011695964,-0.010917682,-0.013546797,0.007060042,-0.488686717,-0.450713316,-0.507823809,-0.41878784,-0.514628229,-0.450972559
3,2,100,8,1,Elliptical,gls.s,1,1,0.010695484,0.683218114,0.198045833,0.059,0.059,0.059,0.021814646,0.029856872,1.082782832,0.666051618,1.785036662,0.337534791,0.80850712,0.734160369,0.000105647,-0.000146038,-0.006548733,-0.024466258,0.006457151,-0.018694194,0.011695964,-0.010917682,-0.013546797,0.007060042,-0.488686717,-0.450713316,-0.507823809,-0.41878784,-0.514628229,-0.450972559
3,2,100,8,1,Elliptical,ls,1,1,0.260916484,0.683233921,0.969340052,0.712,0.059,0.059,0.021859648,0.029938329,1.082782832,0.666051618,1.785036662,0.337534791,0.80850712,0.734160369,8.03E-05,-0.000228,-0.006548733,-0.024466258,0.006457151,-0.018694194,0.011695964,-0.010917682,-0.916106287,-0.881340032,-0.990850004,-0.992420707,-0.994521507,-0.99320765,-0.993052146,-0.993222079
3,2,100,8,1,Elliptical,wls,1,0,0.010695484,0.534053314,0.078149816,0.059,0.059,0.059,0.021814646,0.029856872,0.803758114,0.556449846,1.352245617,0.314335312,0.596256363,0.597709742,0.000105647,-0.000146038,-0.037064003,-0.061058059,-0.043576808,-0.028445128,-0.01762312,-0.01342077,-0.013546797,0.007060042,-0.086078381,-0.094668931,-0.104568531,-0.129224301,-0.104497391,-0.085554157
3,2,100,8,1,Elliptical,fites,0.999,NA,0.054962191,0.685215177,0.205641652,0.059059059,0.06006006,0.06006006,0.02181844,0.029870107,1.082751148,0.666973344,1.787302478,0.339344247,0.810314004,0.743347651,0.000122919,-0.000136931,0.004261635,-0.014392472,0.015932438,-0.020936787,0.017181252,-0.015206901,-0.018806724,0.001699331,-0.312714935,-0.243253254,-0.324263066,-0.179752841,-0.336045166,-0.228597902
3,2,100,8,1,Elliptical,fiteu,0.999,NA,0.054962191,0.685215177,0.205641652,0.059059059,0.059059059,0.059059059,0.02181844,0.029870107,1.082751148,0.666973344,1.787302478,0.339344247,0.810314004,0.743347651,0.000122919,-0.000136931,0.004261635,-0.014392472,0.015932438,-0.020936787,0.017181252,-0.015206901,-0.018806724,0.001699331,-0.312714935,-0.243253254,-0.324263066,-0.179752841,-0.336045166,-0.228597902
3,2,100,8,1,Elliptical,fitos,0.999,NA,0.054962191,0.685215177,0.204376249,0.059059059,0.068068068,0.068068068,0.02181844,0.029870107,1.082751148,0.666973344,1.787302478,0.339344247,0.810314004,0.743347651,0.000122919,-0.000136931,0.004261635,-0.014392472,0.015932438,-0.020936787,0.017181252,-0.015206901,-0.018806724,0.001699331,-0.310665382,-0.239943334,-0.322602395,-0.1792825,-0.334664532,-0.227345793
3,2,100,8,1,Skew,gammaN.model,0.999,0.33,0.011111149,0.611910524,0.147536027,0.061061061,0.055055055,0.055055055,0.023054262,0.028797326,0.894447552,0.62271169,1.42764895,0.533082678,0.648899714,0.716642022,-0.000834827,-0.000908212,-0.111180178,-0.048114499,-0.162574904,-0.039395473,-0.059555532,0.014565392,-0.089189808,0.027155081,-0.104824215,-0.197360778,-0.11172518,-0.266919966,-0.156012045,-0.227101145
3,2,100,8,1,Skew,gammaN.s,1,0.21,0.010688142,0.613364584,0.148883137,0.055,0.055,0.055,0.023042712,0.028737711,0.894038116,0.620889006,1.439262294,0.532587733,0.64822947,0.72012963,-0.001045431,-0.000932024,-0.11466373,-0.048328364,-0.170415053,-0.040003216,-0.060182464,0.01387062,-0.088220673,0.029144896,-0.104136124,-0.201524335,-0.112425469,-0.266774086,-0.156488681,-0.232350833
3,2,100,8,1,Skew,ridgeI,1,0.93,0.093585081,0.609436795,0.147199533,0.527,0.055,0.055,0.023032784,0.028700146,0.889997902,0.61719591,1.419787854,0.532848601,0.649072827,0.714858332,-0.000615653,-0.000886502,-0.105188132,-0.048555996,-0.157424334,-0.03898739,-0.058314737,0.015283462,-0.087296024,0.032489696,-0.106541176,-0.190157542,-0.111530218,-0.266800125,-0.157352558,-0.225428929
3,2,100,8,1,Skew,ridgeD,1,0.04,0.007986461,0.612347749,0.149456722,0.028,0.055,0.055,0.023094976,0.028612909,0.898704118,0.620171644,1.432362478,0.534158847,0.650380175,0.711296842,-0.000687169,-0.001055728,-0.1129871,-0.052989308,-0.165853077,-0.038420953,-0.060176305,0.015069304,-0.090100243,0.036129509,-0.109662996,-0.195725174,-0.112617176,-0.269701537,-0.158754978,-0.222962161
3,2,100,8,1,Skew,gls.model,1,1,0.010688142,0.668870869,0.177635752,0.055,0.055,0.055,0.023042712,0.028737711,1.024598553,0.760721701,1.554529364,0.548880838,0.678101458,0.732354614,-0.001045431,-0.000932024,-0.058764605,0.037198567,-0.121304396,-0.033889941,-0.046187945,0.021600099,-0.088220673,0.029144896,-0.445098674,-0.552188463,-0.370100099,-0.641514777,-0.408283135,-0.477314105
3,2,100,8,1,Skew,gls.s,1,1,0.010688142,0.668870869,0.177635752,0.055,0.055,0.055,0.023042712,0.028737711,1.024598553,0.760721701,1.554529364,0.548880838,0.678101458,0.732354614,-0.001045431,-0.000932024,-0.058764605,0.037198567,-0.121304396,-0.033889941,-0.046187945,0.021600099,-0.088220673,0.029144896,-0.445098674,-0.552188463,-0.370100099,-0.641514777,-0.408283135,-0.477314105
3,2,100,8,1,Skew,ls,1,1,0.250663761,0.668930834,0.969398582,0.709,0.055,0.055,0.023288439,0.028971708,1.024598553,0.760721701,1.554529364,0.548880838,0.678101458,0.732354614,0.000203716,-0.00081335,-0.058764605,0.037198567,-0.121304396,-0.033889941,-0.046187945,0.021600099,-0.921260568,-0.877264295,-0.989775159,-0.993755952,-0.992765931,-0.995755425,-0.991191684,-0.993419643
3,2,100,8,1,Skew,wls,1,0,0.010688142,0.618060932,0.147900184,0.055,0.055,0.055,0.023042712,0.028737711,0.906646433,0.622945404,1.45564596,0.531530788,0.649499266,0.726439182,-0.001045431,-0.000932024,-0.129522992,-0.071063371,-0.183469785,-0.041628264,-0.063902526,0.011815948,-0.088220673,0.029144896,-0.103356503,-0.190590386,-0.110891772,-0.264963562,-0.156329644,-0.239704034
3,2,100,8,1,Skew,fites,0.994,NA,0.054962191,0.671282183,0.185336577,0.055331992,0.058350101,0.058350101,0.023097702,0.028786533,1.028889449,0.763237822,1.558918493,0.551310843,0.67944269,0.736573931,-0.001080773,-0.00088835,-0.05353027,0.047897218,-0.114720942,-0.034866323,-0.042129933,0.019131768,-0.094992184,0.022068825,-0.21569732,-0.297498429,-0.177404326,-0.278104845,-0.179946415,-0.216980269
3,2,100,8,1,Skew,fiteu,0.994,NA,0.054962191,0.671282183,0.185336577,0.055331992,0.055331992,0.055331992,0.023097702,0.028786533,1.028889449,0.763237822,1.558918493,0.551310843,0.67944269,0.736573931,-0.001080773,-0.00088835,-0.05353027,0.047897218,-0.114720942,-0.034866323,-0.042129933,0.019131768,-0.094992184,0.022068825,-0.21569732,-0.297498429,-0.177404326,-0.278104845,-0.179946415,-0.216980269
3,2,100,8,1,Skew,fitos,0.994,NA,0.054962191,0.671282183,0.183103516,0.055331992,0.065392354,0.065392354,0.023097702,0.028786533,1.028889449,0.763237822,1.558918493,0.551310843,0.67944269,0.736573931,-0.001080773,-0.00088835,-0.05353027,0.047897218,-0.114720942,-0.034866323,-0.042129933,0.019131768,-0.094992184,0.022068825,-0.211423945,-0.291032252,-0.173921392,-0.277567516,-0.178156973,-0.215665037
3,2,200,8,1,Norm,gammaN.model,1,1,0.004771695,0.254587623,0.017325322,0.059,0.059,0.059,0.015575779,0.021951066,0.384397345,0.270327856,0.629917265,0.139657951,0.284399645,0.290474078,0.000303389,0.000667339,0.010451664,-0.02011326,0.026112133,-0.005536004,0.004420374,-0.00585448,-0.005517565,-0.014738596,0.01134757,-0.039965894,-0.028101121,-0.009195041,-0.008835523,-0.020901265
3,2,200,8,1,Norm,gammaN.s,1,1,0.004771695,0.254587623,0.017325322,0.059,0.059,0.059,0.015575779,0.021951066,0.384397345,0.270327856,0.629917265,0.139657951,0.284399645,0.290474078,0.000303389,0.000667339,0.010451664,-0.02011326,0.026112133,-0.005536004,0.004420374,-0.00585448,-0.005517565,-0.014738596,0.01134757,-0.039965894,-0.028101121,-0.009195041,-0.008835523,-0.020901265
3,2,200,8,1,Norm,ridgeI,1,1,0.117237587,0.254575777,0.965389836,0.685,0.059,0.059,0.015526974,0.021905102,0.384397345,0.270327856,0.629917265,0.139657951,0.284399645,0.290474078,0.000276792,0.000720211,0.010451664,-0.02011326,0.026112133,-0.005536004,0.004420374,-0.00585448,-0.916697593,-0.88566274,-0.98212059,-0.986858325,-0.989250997,-0.988583532,-0.985967384,-0.987977529
3,2,200,8,1,Norm,ridgeD,1,1,0.000569398,0.254605048,1.793680067,0,0.059,0.059,0.01553808,0.022128161,0.384397345,0.270327856,0.629917265,0.139657951,0.284399645,0.290474078,0.000243266,0.000823979,0.010451664,-0.02011326,0.026112133,-0.005536004,0.004420374,-0.00585448,-0.035448519,0.633097151,2.655822206,2.64653268,2.720171307,1.396057322,2.159866365,2.102444988
3,2,200,8,1,Norm,gls.model,1,1,0.004771695,0.254587623,0.020824584,0.059,0.059,0.059,0.015575779,0.021951066,0.384397345,0.270327856,0.629917265,0.139657951,0.284399645,0.290474078,0.000303389,0.000667339,0.010451664,-0.02011326,0.026112133,-0.005536004,0.004420374,-0.00585448,-0.005517565,-0.014738596,0.01134757,-0.039965894,-0.028101121,-0.009195041,-0.008835523,-0.020901265
3,2,200,8,1,Norm,gls.s,1,1,0.004771695,0.254587623,0.020824584,0.059,0.059,0.059,0.015575779,0.021951066,0.384397345,0.270327856,0.629917265,0.139657951,0.284399645,0.290474078,0.000303389,0.000667339,0.010451664,-0.02011326,0.026112133,-0.005536004,0.004420374,-0.00585448,-0.005517565,-0.014738596,0.01134757,-0.039965894,-0.028101121,-0.009195041,-0.008835523,-0.020901265
3,2,200,8,1,Norm,ls,1,1,0.117237587,0.254575777,0.965389836,0.685,0.059,0.059,0.015526974,0.021905102,0.384397345,0.270327856,0.629917265,0.139657951,0.284399645,0.290474078,0.000276792,0.000720211,0.010451664,-0.02011326,0.026112133,-0.005536004,0.004420374,-0.00585448,-0.916697593,-0.88566274,-0.98212059,-0.986858325,-0.989250997,-0.988583532,-0.985967384,-0.987977529
3,2,200,8,1,Norm,wls,1,0,0.004771695,0.25570758,0.026557585,0.059,0.059,0.059,0.015575779,0.021951066,0.38655642,0.270530867,0.633862538,0.139515309,0.286053708,0.291614955,0.000303389,0.000667339,0.008930642,-0.018828053,0.024266203,-0.005057097,0.003768592,-0.004886147,-0.005517565,-0.014738596,-0.00901617,-0.055436686,-0.044724229,-0.02012641,-0.025394536,-0.037506491
3,2,200,8,1,Norm,fites,0.999,NA,0.054962191,0.254876502,0.025732169,0.058058058,0.059059059,0.059059059,0.015573878,0.02194744,0.384592565,0.270188256,0.630164064,0.139856611,0.284360854,0.292328352,0.000320841,0.000642175,0.015159373,-0.015350468,0.030952955,-0.00628491,0.007055974,-0.008266231,-0.007796451,-0.017075777,-0.00709225,-0.055853785,-0.042362168,-0.019940526,-0.0211509,-0.034585498
3,2,200,8,1,Norm,fiteu,0.999,NA,0.054962191,0.254876502,0.025732169,0.058058058,0.058058058,0.058058058,0.015573878,0.02194744,0.384592565,0.270188256,0.630164064,0.139856611,0.284360854,0.292328352,0.000320841,0.000642175,0.015159373,-0.015350468,0.030952955,-0.00628491,0.007055974,-0.008266231,-0.007796451,-0.017075777,-0.00709225,-0.055853785,-0.042362168,-0.019940526,-0.0211509,-0.034585498
3,2,200,8,1,Norm,fitos,0.999,NA,0.054962191,0.254876502,0.025504651,0.058058058,0.064064064,0.064064064,0.015573878,0.02194744,0.384592565,0.270188256,0.630164064,0.139856611,0.284360854,0.292328352,0.000320841,0.000642175,0.015159373,-0.015350468,0.030952955,-0.00628491,0.007055974,-0.008266231,-0.007796451,-0.017075777,-0.006634043,-0.055330075,-0.042153754,-0.019756338,-0.020938564,-0.03435221
3,2,200,8,1,Elliptical,gammaN.model,1,0.36,0.005021229,0.394378602,0.087966529,0.056,0.053,0.053,0.015760586,0.021890777,0.597658415,0.412289958,0.948176142,0.237516809,0.438973588,0.482762538,0.000283304,0.000348919,0.019180413,-0.035672546,0.035722016,-0.014843839,0.020993673,-0.006388054,-0.024081417,-0.014991374,-0.094640314,-0.10171558,-0.094079335,-0.137542329,-0.095650669,-0.141031211
3,2,200,8,1,Elliptical,gammaN.s,1,0.32,0.004971074,0.394500196,0.088151661,0.053,0.053,0.053,0.015743429,0.021869504,0.597564168,0.412657147,0.94887346,0.237419749,0.438925397,0.482948716,0.000284657,0.000347086,0.019318944,-0.035723844,0.03536082,-0.01501686,0.020853446,-0.006653043,-0.023030608,-0.014047644,-0.095192677,-0.103107433,-0.095077857,-0.137302444,-0.095864774,-0.141589849
3,2,200,8,1,Elliptical,ridgeI,1,0.94,0.050287216,0.39422155,0.087431839,0.534,0.053,0.053,0.015719092,0.021891847,0.596657542,0.412228534,0.947862663,0.237622609,0.438737127,0.483052987,0.000293362,0.00039374,0.019794082,-0.035410162,0.036542855,-0.014718061,0.021465182,-0.006386409,-0.020711684,-0.014196621,-0.093558311,-0.101873834,-0.094331428,-0.13798659,-0.095388621,-0.14140762
3,2,200,8,1,Elliptical,ridgeD,1,0.07,0.003259312,0.39446632,0.087717917,0.019,0.053,0.053,0.015706629,0.021943525,0.59687262,0.412290851,0.948144169,0.23807013,0.439457393,0.483245243,0.000284152,0.000423049,0.019575325,-0.03532622,0.036284717,-0.014509079,0.021559943,-0.006060942,-0.019547071,-0.014703814,-0.093512142,-0.101800932,-0.094104281,-0.139574319,-0.096779356,-0.141721421
3,2,200,8,1,Elliptical,gls.model,1,1,0.004971074,0.399992777,0.089794476,0.053,0.053,0.053,0.015743429,0.021869504,0.611196328,0.414894369,0.951515479,0.242244064,0.445205592,0.497273451,0.000284657,0.000347086,0.038569415,-0.028478241,0.05735454,-0.01347354,0.0327219,-0.00865983,-0.023030608,-0.014047644,-0.378552467,-0.368713179,-0.371580402,-0.426167023,-0.380210474,-0.422760715
3,2,200,8,1,Elliptical,gls.s,1,1,0.004971074,0.399992777,0.089794476,0.053,0.053,0.053,0.015743429,0.021869504,0.611196328,0.414894369,0.951515479,0.242244064,0.445205592,0.497273451,0.000284657,0.000347086,0.038569415,-0.028478241,0.05735454,-0.01347354,0.0327219,-0.00865983,-0.023030608,-0.014047644,-0.378552467,-0.368713179,-0.371580402,-0.426167023,-0.380210474,-0.422760715
3,2,200,8,1,Elliptical,ls,1,1,0.122363272,0.400008006,0.969379764,0.687,0.053,0.053,0.015740234,0.021994529,0.611196328,0.414894369,0.951515479,0.242244064,0.445205592,0.497273451,0.000301749,0.000470684,0.038569415,-0.028478241,0.05735454,-0.01347354,0.0327219,-0.00865983,-0.917826243,-0.886134659,-0.989043326,-0.991367066,-0.993088661,-0.993359961,-0.991260434,-0.992957759
3,2,200,8,1,Elliptical,wls,1,0,0.004971074,0.395790283,0.088074912,0.053,0.053,0.053,0.015743429,0.021869504,0.601173055,0.415298828,0.95675548,0.23615631,0.439549124,0.479776535,0.000284657,0.000347086,0.010259899,-0.039133539,0.025010834,-0.015743128,0.015268292,-0.005708672,-0.023030608,-0.014047644,-0.095999255,-0.107869358,-0.096638525,-0.133264956,-0.094760638,-0.138988314
3,2,200,8,1,Elliptical,fites,0.998,NA,0.054962191,0.400351191,0.094228441,0.053106212,0.05511022,0.05511022,0.015735281,0.021858834,0.610794807,0.41467837,0.951911174,0.242705904,0.445022345,0.500102813,0.000304355,0.0003355,0.04260068,-0.024155106,0.062952014,-0.014065009,0.034807132,-0.011189973,-0.024882413,-0.016102499,-0.111220491,-0.099331726,-0.099392278,-0.147612681,-0.103838437,-0.151447005
3,2,200,8,1,Elliptical,fiteu,0.998,NA,0.054962191,0.400351191,0.094228441,0.053106212,0.053106212,0.053106212,0.015735281,0.021858834,0.610794807,0.41467837,0.951911174,0.242705904,0.445022345,0.500102813,0.000304355,0.0003355,0.04260068,-0.024155106,0.062952014,-0.014065009,0.034807132,-0.011189973,-0.024882413,-0.016102499,-0.111220491,-0.099331726,-0.099392278,-0.147612681,-0.103838437,-0.151447005
3,2,200,8,1,Elliptical,fitos,0.998,NA,0.054962191,0.400351191,0.093680324,0.053106212,0.059118236,0.059118236,0.015735281,0.021858834,0.610794807,0.41467837,0.951911174,0.242705904,0.445022345,0.500102813,0.000304355,0.0003355,0.04260068,-0.024155106,0.062952014,-0.014065009,0.034807132,-0.011189973,-0.024882413,-0.016102499,-0.110040054,-0.098166214,-0.098628013,-0.147460959,-0.103152118,-0.151010325
3,2,200,8,1,Skew,gammaN.model,1,0.18,0.005001254,0.452557268,0.126780941,0.046,0.045,0.045,0.016082166,0.02204377,0.643818337,0.464778655,1.049880315,0.389461315,0.483041701,0.551351883,-0.000299222,-0.000603476,-0.042186037,-0.065443781,-0.045681323,-0.013715981,-0.008152885,-0.016768461,-0.053460599,-0.039584625,-0.101081313,-0.146624046,-0.163603023,-0.191207632,-0.136670851,-0.182015437
3,2,200,8,1,Skew,gammaN.s,1,0.12,0.004921998,0.453085016,0.12728034,0.045,0.045,0.045,0.016077167,0.022020137,0.645297278,0.464892888,1.052210491,0.389715035,0.482806239,0.551660894,-0.00036439,-0.000611519,-0.044080956,-0.064949859,-0.048185743,-0.013825627,-0.008414294,-0.016792057,-0.053044022,-0.038555365,-0.101952505,-0.149682334,-0.163887187,-0.191857166,-0.13637036,-0.18289378
3,2,200,8,1,Skew,ridgeI,1,0.88,0.030927233,0.45151712,0.125754619,0.436,0.045,0.045,0.016042154,0.022021995,0.64166552,0.463989827,1.045818229,0.389338142,0.482836862,0.55042423,-0.000254158,-0.00061074,-0.039059275,-0.063046497,-0.042097683,-0.013410912,-0.007371789,-0.016873329,-0.050835002,-0.038164553,-0.100317196,-0.146126463,-0.162921684,-0.190939518,-0.136643365,-0.180089169
3,2,200,8,1,Skew,ridgeD,1,0.01,0.004549384,0.453101212,0.126693405,0.034,0.045,0.045,0.016070557,0.022011344,0.645607835,0.467392358,1.051865629,0.389655214,0.483042686,0.549164074,-0.000323773,-0.000621984,-0.045865604,-0.067990938,-0.05037981,-0.013648613,-0.009149853,-0.016577289,-0.05267596,-0.037997638,-0.100929389,-0.151994976,-0.162000552,-0.191982607,-0.13633853,-0.17962759
3,2,200,8,1,Skew,gls.model,1,1,0.004921998,0.485251362,0.149056902,0.045,0.045,0.045,0.016077167,0.022020137,0.700252883,0.513076457,1.126174534,0.413133753,0.498349253,0.592926711,-0.00036439,-0.000611519,-0.010537113,-0.019686628,-0.005461205,-0.009204268,0.002484134,-0.015029724,-0.053044022,-0.038555365,-0.44395287,-0.502850325,-0.449684075,-0.666346574,-0.445344539,-0.522453108
3,2,200,8,1,Skew,gls.s,1,1,0.004921998,0.485251362,0.149056902,0.045,0.045,0.045,0.016077167,0.022020137,0.700252883,0.513076457,1.126174534,0.413133753,0.498349253,0.592926711,-0.00036439,-0.000611519,-0.010537113,-0.019686628,-0.005461205,-0.009204268,0.002484134,-0.015029724,-0.053044022,-0.038555365,-0.44395287,-0.502850325,-0.449684075,-0.666346574,-0.445344539,-0.522453108
3,2,200,8,1,Skew,ls,1,1,0.117365252,0.485274504,0.970708497,0.694,0.045,0.045,0.016050379,0.022232063,0.700252883,0.513076457,1.126174534,0.413133753,0.498349253,0.592926711,0.000107516,-0.000575643,-0.010537113,-0.019686628,-0.005461205,-0.009204268,0.002484134,-0.015029724,-0.91941145,-0.887221241,-0.989979541,-0.993093664,-0.993801743,-0.996128527,-0.991977213,-0.994054594
3,2,200,8,1,Skew,wls,1,0,0.004921998,0.453726442,0.126397147,0.045,0.045,0.045,0.016077167,0.022020137,0.646476757,0.469171046,1.053762026,0.389142435,0.482908802,0.550253168,-0.00036439,-0.000611519,-0.048655117,-0.071122118,-0.054011817,-0.014455813,-0.009900443,-0.017032375,-0.053044022,-0.038555365,-0.099622484,-0.152331873,-0.160523351,-0.190376592,-0.135608102,-0.181115383
3,2,200,8,1,Skew,fites,0.994,NA,0.054962191,0.485310733,0.151985534,0.044265594,0.046277666,0.046277666,0.016074421,0.021927279,0.701509559,0.512014979,1.129446743,0.413664674,0.495479041,0.592369165,-0.000370265,-0.000533988,-0.008081264,-0.01445342,-0.003133655,-0.009635423,0.002956073,-0.018854678,-0.055211091,-0.037733509,-0.160800747,-0.159300695,-0.215233463,-0.228090079,-0.147862643,-0.211652046
3,2,200,8,1,Skew,fiteu,0.994,NA,0.054962191,0.485310733,0.151985534,0.044265594,0.044265594,0.044265594,0.016074421,0.021927279,0.701509559,0.512014979,1.129446743,0.413664674,0.495479041,0.592369165,-0.000370265,-0.000533988,-0.008081264,-0.01445342,-0.003133655,-0.009635423,0.002956073,-0.018854678,-0.055211091,-0.037733509,-0.160800747,-0.159300695,-0.215233463,-0.228090079,-0.147862643,-0.211652046
3,2,200,8,1,Skew,fitos,0.994,NA,0.054962191,0.485310733,0.151039625,0.044265594,0.051307847,0.051307847,0.016074421,0.021927279,0.701509559,0.512014979,1.129446743,0.413664674,0.495479041,0.592369165,-0.000370265,-0.000533988,-0.008081264,-0.01445342,-0.003133655,-0.009635423,0.002956073,-0.018854678,-0.055211091,-0.037733509,-0.159013047,-0.156274936,-0.213940705,-0.227883568,-0.147179376,-0.211080771
3,2,300,8,1,Norm,gammaN.model,1,1,0.003132191,0.208551325,0.017984683,0.051,0.051,0.051,0.012821096,0.017670001,0.323548746,0.216826964,0.509118683,0.116521652,0.235315949,0.236587511,0.000304317,0.000777534,0.009194723,-0.014233909,0.024296543,-0.006963404,0.003439576,-0.009130276,-0.013792831,-0.000949153,-0.017500418,-0.028306231,-0.016370934,-0.028854574,-0.02226637,-0.015836957
3,2,300,8,1,Norm,gammaN.s,1,1,0.003132191,0.208551325,0.017984683,0.051,0.051,0.051,0.012821096,0.017670001,0.323548746,0.216826964,0.509118683,0.116521652,0.235315949,0.236587511,0.000304317,0.000777534,0.009194723,-0.014233909,0.024296543,-0.006963404,0.003439576,-0.009130276,-0.013792831,-0.000949153,-0.017500418,-0.028306231,-0.016370934,-0.028854574,-0.02226637,-0.015836957
3,2,300,8,1,Norm,ridgeI,1,1,0.077872144,0.208546384,0.96539042,0.658,0.051,0.051,0.01279761,0.017653958,0.323548746,0.216826964,0.509118683,0.116521652,0.235315949,0.236587511,0.000300413,0.000797355,0.009194723,-0.014233909,0.024296543,-0.006963404,0.003439576,-0.009130276,-0.917539337,-0.884213845,-0.982648368,-0.986722058,-0.989127989,-0.988809536,-0.98615077,-0.987911455
3,2,300,8,1,Norm,ridgeD,1,1,0.000376039,0.208577336,1.791376348,0,0.051,0.051,0.012776844,0.017922341,0.323548746,0.216826964,0.509118683,0.116521652,0.235315949,0.236587511,0.00026233,0.000911129,0.009194723,-0.014233909,0.024296543,-0.006963404,0.003439576,-0.009130276,-0.043187686,0.645210732,2.557719563,2.699769064,2.775269487,1.355527527,2.126630883,2.12769584
3,2,300,8,1,Norm,gls.model,1,1,0.003132191,0.208551325,0.022093736,0.051,0.051,0.051,0.012821096,0.017670001,0.323548746,0.216826964,0.509118683,0.116521652,0.235315949,0.236587511,0.000304317,0.000777534,0.009194723,-0.014233909,0.024296543,-0.006963404,0.003439576,-0.009130276,-0.013792831,-0.000949153,-0.017500418,-0.028306231,-0.016370934,-0.028854574,-0.02226637,-0.015836957
3,2,300,8,1,Norm,gls.s,1,1,0.003132191,0.208551325,0.022093736,0.051,0.051,0.051,0.012821096,0.017670001,0.323548746,0.216826964,0.509118683,0.116521652,0.235315949,0.236587511,0.000304317,0.000777534,0.009194723,-0.014233909,0.024296543,-0.006963404,0.003439576,-0.009130276,-0.013792831,-0.000949153,-0.017500418,-0.028306231,-0.016370934,-0.028854574,-0.02226637,-0.015836957
3,2,300,8,1,Norm,ls,1,1,0.077872144,0.208546384,0.96539042,0.658,0.051,0.051,0.01279761,0.017653958,0.323548746,0.216826964,0.509118683,0.116521652,0.235315949,0.236587511,0.000300413,0.000797355,0.009194723,-0.014233909,0.024296543,-0.006963404,0.003439576,-0.009130276,-0.917539337,-0.884213845,-0.982648368,-0.986722058,-0.989127989,-0.988809536,-0.98615077,-0.987911455
3,2,300,8,1,Norm,wls,1,0,0.003132191,0.209704121,0.027899658,0.051,0.051,0.051,0.012821096,0.017670001,0.32535801,0.218542041,0.512544222,0.116564314,0.236192175,0.237941112,0.000304317,0.000777534,0.008182164,-0.013925312,0.023702691,-0.006678292,0.003311149,-0.00871985,-0.013792831,-0.000949153,-0.032151078,-0.047166557,-0.030694814,-0.035395207,-0.03349823,-0.029549398
3,2,300,8,1,Norm,fites,0.995,NA,0.054962191,0.208833792,0.026092267,0.051256281,0.051256281,0.051256281,0.012842238,0.017680286,0.324120112,0.216888942,0.509535611,0.116594585,0.235630961,0.237377603,0.00032962,0.000748806,0.012343593,-0.011277977,0.027042078,-0.00802145,0.004817854,-0.011037257,-0.017214259,-0.003378352,-0.030924008,-0.041652017,-0.026452562,-0.033262459,-0.03218121,-0.02367327
3,2,300,8,1,Norm,fiteu,0.995,NA,0.054962191,0.208833792,0.026092267,0.051256281,0.051256281,0.051256281,0.012842238,0.017680286,0.324120112,0.216888942,0.509535611,0.116594585,0.235630961,0.237377603,0.00032962,0.000748806,0.012343593,-0.011277977,0.027042078,-0.00802145,0.004817854,-0.011037257,-0.017214259,-0.003378352,-0.030924008,-0.041652017,-0.026452562,-0.033262459,-0.03218121,-0.02367327
3,2,300,8,1,Norm,fitos,0.995,NA,0.054962191,0.208833792,0.025954038,0.051256281,0.054271357,0.054271357,0.012842238,0.017680286,0.324120112,0.216888942,0.509535611,0.116594585,0.235630961,0.237377603,0.00032962,0.000748806,0.012343593,-0.011277977,0.027042078,-0.00802145,0.004817854,-0.011037257,-0.017214259,-0.003378352,-0.030649858,-0.041250176,-0.026357523,-0.03315943,-0.032072539,-0.023550171
3,2,300,8,1,Elliptical,gammaN.model,1,0.34,0.003109908,0.335123378,0.093128682,0.048,0.048,0.048,0.012603037,0.017911016,0.508632848,0.352643326,0.837153991,0.207393997,0.377397569,0.367251236,0.000222784,0.000523413,-0.009322747,-0.023217376,0.00494686,-0.013689844,-0.007218612,-0.008438195,-0.003767879,-0.020197826,-0.09695473,-0.131755801,-0.128436522,-0.174793328,-0.112111064,-0.07701231
3,2,300,8,1,Elliptical,gammaN.s,1,0.3,0.003086371,0.335580367,0.0940188,0.048,0.048,0.048,0.012598554,0.017897289,0.509331288,0.353364011,0.838548212,0.207711761,0.377645961,0.367545862,0.000222807,0.000526241,-0.00971493,-0.023225802,0.004487919,-0.013734136,-0.007433047,-0.008367907,-0.003420085,-0.019452406,-0.098237299,-0.133933532,-0.129905591,-0.176245261,-0.112796431,-0.078159798
3,2,300,8,1,Elliptical,ridgeI,1,0.94,0.03138683,0.33527253,0.092881716,0.519,0.048,0.048,0.012578459,0.017874117,0.508826963,0.352871824,0.837513541,0.20790715,0.377369581,0.367238601,0.000217235,0.000545904,-0.00924586,-0.022581721,0.005062033,-0.013412422,-0.007107034,-0.008240485,-0.001245024,-0.017574863,-0.097081789,-0.132638507,-0.128646872,-0.17700178,-0.111929566,-0.076935324
3,2,300,8,1,Elliptical,ridgeD,1,0.07,0.002025141,0.334935841,0.091965774,0.01,0.048,0.048,0.012576,0.017930601,0.508231923,0.352210997,0.837046686,0.207446376,0.377156029,0.366888118,0.000209277,0.000561767,-0.009318203,-0.022369498,0.004544412,-0.013329481,-0.007009309,-0.008040314,-0.000685467,-0.018831578,-0.095703781,-0.130814398,-0.127393883,-0.174962342,-0.111410379,-0.075924363
3,2,300,8,1,Elliptical,gls.model,1,1,0.003086371,0.340708915,0.094685494,0.048,0.048,0.048,0.012598554,0.017897289,0.518218944,0.357277722,0.854292579,0.207760523,0.381567662,0.376058048,0.000222807,0.000526241,0.000613859,-0.01468448,0.01379471,-0.012451947,-0.000565061,-0.008867495,-0.003420085,-0.019452406,-0.384691693,-0.41312363,-0.410381055,-0.455284332,-0.397754938,-0.383369371
3,2,300,8,1,Elliptical,gls.s,1,1,0.003086371,0.340708915,0.094685494,0.048,0.048,0.048,0.012598554,0.017897289,0.518218944,0.357277722,0.854292579,0.207760523,0.381567662,0.376058048,0.000222807,0.000526241,0.000613859,-0.01468448,0.01379471,-0.012451947,-0.000565061,-0.008867495,-0.003420085,-0.019452406,-0.384691693,-0.41312363,-0.410381055,-0.455284332,-0.397754938,-0.383369371
3,2,300,8,1,Elliptical,ls,1,1,0.076783194,0.34070389,0.969225001,0.661,0.048,0.048,0.012576902,0.017878744,0.518218944,0.357277722,0.854292579,0.207760523,0.381567662,0.376058048,0.000208503,0.000571346,0.000613859,-0.01468448,0.01379471,-0.012451947,-0.000565061,-0.008867495,-0.916096134,-0.885701981,-0.989077972,-0.991949003,-0.993459948,-0.993688797,-0.991425742,-0.992400428
3,2,300,8,1,Elliptical,wls,1,0,0.003086371,0.336585649,0.095699104,0.048,0.048,0.048,0.012598554,0.017897289,0.51010343,0.356894823,0.840817114,0.20893003,0.378062701,0.367381254,0.000222807,0.000526241,-0.014141554,-0.026886368,0.000499294,-0.014283646,-0.010376469,-0.008153797,-0.003420085,-0.019452406,-0.097465374,-0.140661443,-0.130903299,-0.18153986,-0.112437478,-0.079712891
3,2,300,8,1,Elliptical,fites,0.996,NA,0.054962191,0.34066911,0.097466134,0.047188755,0.048192771,0.048192771,0.012613726,0.017926229,0.51831072,0.357165961,0.852820235,0.207958003,0.381871539,0.37668647,0.000195495,0.00051816,0.003307958,-0.012110471,0.017188212,-0.012831369,0.001051297,-0.00986683,-0.006232476,-0.022507703,-0.107170774,-0.137087193,-0.136956024,-0.16863096,-0.11717919,-0.08396475
3,2,300,8,1,Elliptical,fiteu,0.996,NA,0.054962191,0.34066911,0.097466134,0.047188755,0.047188755,0.047188755,0.012613726,0.017926229,0.51831072,0.357165961,0.852820235,0.207958003,0.381871539,0.37668647,0.000195495,0.00051816,0.003307958,-0.012110471,0.017188212,-0.012831369,0.001051297,-0.00986683,-0.006232476,-0.022507703,-0.107170774,-0.137087193,-0.136956024,-0.16863096,-0.11717919,-0.08396475
3,2,300,8,1,Elliptical,fitos,0.996,NA,0.054962191,0.34066911,0.097157355,0.047188755,0.049196787,0.049196787,0.012613726,0.017926229,0.51831072,0.357165961,0.852820235,0.207958003,0.381871539,0.37668647,0.000195495,0.00051816,0.003307958,-0.012110471,0.017188212,-0.012831369,0.001051297,-0.00986683,-0.006232476,-0.022507703,-0.106572807,-0.136143583,-0.136612304,-0.168601156,-0.11685112,-0.083737695
3,2,300,8,1,Skew,gammaN.model,1,0.5,0.003604047,0.393963647,0.128685252,0.058,0.058,0.058,0.013114832,0.017556192,0.595103974,0.402510363,0.914572005,0.35861085,0.418166656,0.432074307,-5.73E-05,-0.000153721,-0.050429271,-0.010471371,-0.079604974,-0.003392094,-0.017648024,0.007721324,-0.04792478,-0.009280772,-0.144578845,-0.156266513,-0.13972871,-0.248965854,-0.15389965,-0.128836894
3,2,300,8,1,Skew,gammaN.s,1,0.51,0.003517132,0.394938419,0.130016705,0.058,0.058,0.058,0.01310379,0.017539766,0.59593326,0.40632785,0.916473651,0.358608325,0.418299319,0.433221387,-0.000146756,-0.00015164,-0.049686278,-0.006633777,-0.078530395,-0.003524632,-0.017129352,0.007425746,-0.047030759,-0.008389461,-0.145819153,-0.163948192,-0.141696264,-0.24867879,-0.154273839,-0.130297178
3,2,300,8,1,Skew,ridgeI,1,0.97,0.049431282,0.393304578,0.126810588,0.609,0.058,0.058,0.013092101,0.017530633,0.593897727,0.401080942,0.912318256,0.35746057,0.41850084,0.432555558,2.62E-05,-0.000170416,-0.04707296,-0.010135817,-0.075985091,-0.003604599,-0.017163139,0.007611262,-0.044946139,-0.005970388,-0.144428283,-0.149449212,-0.140078213,-0.246033602,-0.15447179,-0.129107081
3,2,300,8,1,Skew,ridgeD,1,0.12,0.001864167,0.393199423,0.126049808,0.011,0.058,0.058,0.013102554,0.017563302,0.592968543,0.401476991,0.913349572,0.356697866,0.418136412,0.432300145,1.19E-05,-0.000233283,-0.048440598,-0.011048526,-0.078260034,-0.00362506,-0.017438531,0.00791652,-0.04520506,-0.004244633,-0.141910644,-0.151908247,-0.138715715,-0.244058172,-0.153685222,-0.128670774
3,2,300,8,1,Skew,gls.model,1,1,0.003517132,0.40044313,0.123866063,0.058,0.058,0.058,0.01310379,0.017539766,0.595671593,0.442318703,0.921391618,0.35498488,0.417134662,0.441400027,-0.000146756,-0.00015164,-0.030318087,0.014513118,-0.058447161,-0.00509755,-0.01243353,0.005686465,-0.047030759,-0.008389461,-0.451541601,-0.539313381,-0.415319056,-0.682960575,-0.448752612,-0.484536866
3,2,300,8,1,Skew,gls.s,1,1,0.003517132,0.40044313,0.123866063,0.058,0.058,0.058,0.01310379,0.017539766,0.595671593,0.442318703,0.921391618,0.35498488,0.417134662,0.441400027,-0.000146756,-0.00015164,-0.030318087,0.014513118,-0.058447161,-0.00509755,-0.01243353,0.005686465,-0.047030759,-0.008389461,-0.451541601,-0.539313381,-0.415319056,-0.682960575,-0.448752612,-0.484536866
3,2,300,8,1,Skew,ls,1,1,0.085157668,0.400445771,0.970301557,0.697,0.058,0.058,0.013108013,0.017556676,0.595671593,0.442318703,0.921391618,0.35498488,0.417134662,0.441400027,0.000162759,-0.000177429,-0.030318087,0.014513118,-0.058447161,-0.00509755,-0.01243353,0.005686465,-0.919496927,-0.88357155,-0.990181488,-0.993686255,-0.993456929,-0.99633995,-0.992058959,-0.9936204
3,2,300,8,1,Skew,wls,1,0,0.003517132,0.401484432,0.139826899,0.058,0.058,0.058,0.01310379,0.017539766,0.617423462,0.405164331,0.938360929,0.365528896,0.424119583,0.430634701,-0.000146756,-0.00015164,-0.069845007,-0.028643811,-0.099433354,-0.001887514,-0.022016841,0.009236018,-0.047030759,-0.008389461,-0.16638434,-0.176943341,-0.151786189,-0.267261867,-0.166710779,-0.134108455
3,2,300,8,1,Skew,fites,0.999,NA,0.054962191,0.40053326,0.126712093,0.058058058,0.058058058,0.058058058,0.013110272,0.017530878,0.595733831,0.442436829,0.920592648,0.355483923,0.416468328,0.442909373,-0.000145649,-0.000177005,-0.026671441,0.017468358,-0.054601567,-0.005657189,-0.01021477,0.003657217,-0.049049074,-0.009587219,-0.138992723,-0.171133955,-0.140560105,-0.232751406,-0.143441881,-0.128180379
3,2,300,8,1,Skew,fiteu,0.999,NA,0.054962191,0.40053326,0.126712093,0.058058058,0.058058058,0.058058058,0.013110272,0.017530878,0.595733831,0.442436829,0.920592648,0.355483923,0.416468328,0.442909373,-0.000145649,-0.000177005,-0.026671441,0.017468358,-0.054601567,-0.005657189,-0.01021477,0.003657217,-0.049049074,-0.009587219,-0.138992723,-0.171133955,-0.140560105,-0.232751406,-0.143441881,-0.128180379
3,2,300,8,1,Skew,fitos,0.999,NA,0.054962191,0.40053326,0.126116083,0.058058058,0.063063063,0.063063063,0.013110272,0.017530878,0.595733831,0.442436829,0.920592648,0.355483923,0.416468328,0.442909373,-0.000145649,-0.000177005,-0.026671441,0.017468358,-0.054601567,-0.005657189,-0.01021477,0.003657217,-0.049049074,-0.009587219,-0.13777425,-0.16911848,-0.139777046,-0.23267675,-0.143047247,-0.1278986
3,2,500,8,1,Norm,gammaN.model,1,1,0.001981484,0.16444457,0.025910673,0.057,0.057,0.057,0.009976842,0.013568571,0.25484999,0.169702106,0.410903524,0.089234046,0.180289915,0.187031569,0.000134215,0.00057523,0.003904532,-0.008983512,0.016466998,-0.004697035,-0.004566736,-0.008761554,-0.017303401,0.007193497,-0.028655109,-0.043796397,-0.050043062,-0.019026749,-0.004337685,-0.03692948
3,2,500,8,1,Norm,gammaN.s,1,1,0.001981484,0.16444457,0.025910673,0.057,0.057,0.057,0.009976842,0.013568571,0.25484999,0.169702106,0.410903524,0.089234046,0.180289915,0.187031569,0.000134215,0.00057523,0.003904532,-0.008983512,0.016466998,-0.004697035,-0.004566736,-0.008761554,-0.017303401,0.007193497,-0.028655109,-0.043796397,-0.050043062,-0.019026749,-0.004337685,-0.03692948
3,2,500,8,1,Norm,ridgeI,1,1,0.049460998,0.164439423,0.965403092,0.709,0.057,0.057,0.009960608,0.013543625,0.25484999,0.169702106,0.410903524,0.089234046,0.180289915,0.187031569,0.000138551,0.000593723,0.003904532,-0.008983512,0.016466998,-0.004697035,-0.004566736,-0.008761554,-0.917989804,-0.883154503,-0.98286273,-0.986947597,-0.989495564,-0.988719203,-0.98589203,-0.988163302
3,2,500,8,1,Norm,ridgeD,1,1,0.000239329,0.164466658,1.766512658,0,0.057,0.057,0.009963717,0.013758395,0.25484999,0.169702106,0.410903524,0.089234046,0.180289915,0.187031569,0.000101102,0.000702926,0.003904532,-0.008983512,0.016466998,-0.004697035,-0.004566736,-0.008761554,-0.049502372,0.659223422,2.515789648,2.638654371,2.646112129,1.375564542,2.185472095,2.061782686
3,2,500,8,1,Norm,gls.model,1,1,0.001981484,0.16444457,0.028350841,0.057,0.057,0.057,0.009976842,0.013568571,0.25484999,0.169702106,0.410903524,0.089234046,0.180289915,0.187031569,0.000134215,0.00057523,0.003904532,-0.008983512,0.016466998,-0.004697035,-0.004566736,-0.008761554,-0.017303401,0.007193497,-0.028655109,-0.043796397,-0.050043062,-0.019026749,-0.004337685,-0.03692948
3,2,500,8,1,Norm,gls.s,1,1,0.001981484,0.16444457,0.028350841,0.057,0.057,0.057,0.009976842,0.013568571,0.25484999,0.169702106,0.410903524,0.089234046,0.180289915,0.187031569,0.000134215,0.00057523,0.003904532,-0.008983512,0.016466998,-0.004697035,-0.004566736,-0.008761554,-0.017303401,0.007193497,-0.028655109,-0.043796397,-0.050043062,-0.019026749,-0.004337685,-0.03692948
3,2,500,8,1,Norm,ls,1,1,0.049460998,0.164439423,0.965403092,0.709,0.057,0.057,0.009960608,0.013543625,0.25484999,0.169702106,0.410903524,0.089234046,0.180289915,0.187031569,0.000138551,0.000593723,0.003904532,-0.008983512,0.016466998,-0.004697035,-0.004566736,-0.008761554,-0.917989804,-0.883154503,-0.98286273,-0.986947597,-0.989495564,-0.988719203,-0.98589203,-0.988163302
3,2,500,8,1,Norm,wls,1,0,0.001981484,0.16481253,0.031144299,0.057,0.057,0.057,0.009976842,0.013568571,0.255564873,0.170022786,0.411903327,0.089381239,0.180857576,0.187225023,0.000134215,0.00057523,0.003180179,-0.008949206,0.016118752,-0.004620926,-0.004822444,-0.008634693,-0.017303401,0.007193497,-0.036110899,-0.051916831,-0.057615955,-0.024830455,-0.011647917,-0.042535434
3,2,500,8,1,Norm,fites,0.996,NA,0.054962191,0.1643552,0.029043413,0.057228916,0.058232932,0.058232932,0.009959275,0.013566312,0.254438714,0.169808925,0.410754013,0.089098854,0.180261849,0.186953657,0.000124221,0.000553119,0.00529656,-0.006803854,0.018094415,-0.005004931,-0.003845572,-0.009548261,-0.016555149,0.006291126,-0.032602709,-0.052145585,-0.055672106,-0.020928587,-0.00886238,-0.039289665
3,2,500,8,1,Norm,fiteu,0.996,NA,0.054962191,0.1643552,0.029043413,0.057228916,0.057228916,0.057228916,0.009959275,0.013566312,0.254438714,0.169808925,0.410754013,0.089098854,0.180261849,0.186953657,0.000124221,0.000553119,0.00529656,-0.006803854,0.018094415,-0.005004931,-0.003845572,-0.009548261,-0.016555149,0.006291126,-0.032602709,-0.052145585,-0.055672106,-0.020928587,-0.00886238,-0.039289665
3,2,500,8,1,Norm,fitos,0.996,NA,0.054962191,0.1643552,0.028951536,0.057228916,0.059236948,0.059236948,0.009959275,0.013566312,0.254438714,0.169808925,0.410754013,0.089098854,0.180261849,0.186953657,0.000124221,0.000553119,0.00529656,-0.006803854,0.018094415,-0.005004931,-0.003845572,-0.009548261,-0.016555149,0.006291126,-0.03242776,-0.051851836,-0.055609186,-0.020878112,-0.008783473,-0.039215643
3,2,500,8,1,Elliptical,gammaN.model,1,0.05,0.002025375,0.280675564,0.100963307,0.058,0.058,0.058,0.010122678,0.013375516,0.412110026,0.303964009,0.716587373,0.16095976,0.287936799,0.340348356,0.000169583,0.000479707,-0.019877261,0.004223088,-0.03530265,-0.004083341,-0.01366309,0.013390222,-0.033725154,0.020980329,-0.065240008,-0.183649505,-0.122981686,-0.14018091,-0.050826431,-0.190122429
3,2,500,8,1,Elliptical,gammaN.s,1,0,0.002022841,0.280720778,0.101021642,0.058,0.058,0.058,0.010121802,0.01337357,0.412420557,0.303622253,0.716473821,0.16135754,0.287988549,0.340408132,0.000169463,0.000479903,-0.020447886,0.003745054,-0.035791494,-0.004183035,-0.014014636,0.01339885,-0.033641814,0.02112916,-0.06538338,-0.182418387,-0.122421871,-0.142227437,-0.050634674,-0.190316414
3,2,500,8,1,Elliptical,ridgeI,1,0.81,0.009082468,0.28049293,0.100653902,0.36,0.058,0.058,0.010118166,0.013372897,0.412021544,0.303638898,0.716164034,0.160486207,0.287939809,0.340201887,0.00017243,0.000486023,-0.01886176,0.005110483,-0.034316048,-0.003848839,-0.013000457,0.013373279,-0.033240316,0.021248378,-0.06581766,-0.183181147,-0.123128453,-0.137724849,-0.051358563,-0.189531853
3,2,500,8,1,Elliptical,ridgeD,1,0.03,0.00165722,0.279920869,0.09875645,0.038,0.058,0.058,0.01011077,0.013382231,0.411030028,0.303599311,0.714944397,0.158931415,0.288048834,0.339319963,0.000168059,0.000507163,-0.017906667,0.005696353,-0.03347861,-0.003784592,-0.012486796,0.013249625,-0.032387926,0.021211023,-0.064043148,-0.182886257,-0.121831694,-0.128968421,-0.0519288,-0.18679433
3,2,500,8,1,Elliptical,gls.model,1,1,0.002022841,0.306423167,0.138958784,0.058,0.058,0.058,0.010121802,0.01337357,0.475912798,0.330449785,0.78660824,0.158951513,0.311704417,0.364263209,0.000169463,0.000479903,-0.00229989,0.015039219,-0.020987844,-0.00279632,-0.003729683,0.011054634,-0.033641814,0.02112916,-0.474686597,-0.516738874,-0.482110513,-0.449393446,-0.424271438,-0.511895547
3,2,500,8,1,Elliptical,gls.s,1,1,0.002022841,0.306423167,0.138958784,0.058,0.058,0.058,0.010121802,0.01337357,0.475912798,0.330449785,0.78660824,0.158951513,0.311704417,0.364263209,0.000169463,0.000479903,-0.00229989,0.015039219,-0.020987844,-0.00279632,-0.003729683,0.011054634,-0.033641814,0.02112916,-0.474686597,-0.516738874,-0.482110513,-0.449393446,-0.424271438,-0.511895547
3,2,500,8,1,Elliptical,ls,1,1,0.050843719,0.30642685,0.969919124,0.696,0.058,0.058,0.010117564,0.013407277,0.475912798,0.330449785,0.78660824,0.158951513,0.311704417,0.364263209,0.000195002,0.000521727,-0.00229989,0.015039219,-0.020987844,-0.00279632,-0.003729683,0.011054634,-0.919259419,-0.881981771,-0.990766937,-0.993458358,-0.994305143,-0.993686989,-0.991848855,-0.994045519
3,2,500,8,1,Elliptical,wls,1,0,0.002022841,0.280720778,0.101021642,0.058,0.058,0.058,0.010121802,0.01337357,0.412420557,0.303622253,0.716473821,0.16135754,0.287988549,0.340408132,0.000169463,0.000479903,-0.020447886,0.003745054,-0.035791494,-0.004183035,-0.014014636,0.01339885,-0.033641814,0.02112916,-0.06538338,-0.182418387,-0.122421871,-0.142227437,-0.050634674,-0.190316414
3,2,500,8,1,Elliptical,fites,0.999,NA,0.054962191,0.306362164,0.140777186,0.057057057,0.058058058,0.058058058,0.010126789,0.013369349,0.476290369,0.330353151,0.784982483,0.159027268,0.311691379,0.365056526,0.000170781,0.000497302,-0.000626747,0.016603131,-0.017935672,-0.003004821,-0.002432788,0.009583671,-0.035032993,0.020378561,-0.185549974,-0.23467131,-0.190772255,-0.119248347,-0.117555116,-0.223008931
3,2,500,8,1,Elliptical,fiteu,0.999,NA,0.054962191,0.306362164,0.140777186,0.057057057,0.057057057,0.057057057,0.010126789,0.013369349,0.476290369,0.330353151,0.784982483,0.159027268,0.311691379,0.365056526,0.000170781,0.000497302,-0.000626747,0.016603131,-0.017935672,-0.003004821,-0.002432788,0.009583671,-0.035032993,0.020378561,-0.185549974,-0.23467131,-0.190772255,-0.119248347,-0.117555116,-0.223008931
3,2,500,8,1,Elliptical,fitos,0.999,NA,0.054962191,0.306362164,0.14057587,0.057057057,0.058058058,0.058058058,0.010126789,0.013369349,0.476290369,0.330353151,0.784982483,0.159027268,0.311691379,0.365056526,0.000170781,0.000497302,-0.000626747,0.016603131,-0.017935672,-0.003004821,-0.002432788,0.009583671,-0.035032993,0.020378561,-0.185205522,-0.234051923,-0.190533201,-0.119237915,-0.11729957,-0.222867272
3,2,500,8,1,Skew,gammaN.model,1,0.2,0.001905917,0.307201066,0.105206281,0.043,0.04,0.04,0.009991826,0.013506251,0.44745125,0.355742292,0.701318994,0.257924595,0.315812427,0.355860896,-0.000397958,0.000396979,-0.050751802,-0.011067336,-0.043921212,-0.004323123,-0.015568668,0.004655464,-0.026144329,0.003087972,-0.089191839,-0.22452164,-0.117818276,-0.153168516,-0.087470075,-0.140247604
3,2,500,8,1,Skew,gammaN.s,1,0.14,0.001889987,0.307902087,0.107150618,0.04,0.04,0.04,0.009990734,0.013493522,0.448915763,0.357837852,0.702211849,0.258378141,0.316320343,0.356068494,-0.000431866,0.000393843,-0.051345516,-0.010621072,-0.044399546,-0.00442933,-0.015521473,0.004296907,-0.025878652,0.004022905,-0.092132284,-0.231426737,-0.118978067,-0.154758636,-0.089241945,-0.140765718
3,2,500,8,1,Skew,ridgeI,1,0.89,0.012859748,0.307512274,0.10633871,0.453,0.04,0.04,0.009992726,0.013493109,0.446802169,0.357661969,0.701359353,0.258403648,0.31623761,0.356147604,-0.000380075,0.0003945,-0.04927043,-0.010183534,-0.042562631,-0.004316615,-0.015391373,0.004534887,-0.026152958,0.004282946,-0.089167569,-0.228036341,-0.118923779,-0.154679093,-0.088772143,-0.14069485
3,2,500,8,1,Skew,ridgeD,1,0.01,0.001757238,0.308652252,0.108286498,0.036,0.04,0.04,0.00999417,0.013492105,0.452251454,0.35902939,0.703535534,0.258650077,0.316605921,0.355659363,-0.000413912,0.000387711,-0.052919824,-0.013644756,-0.046882186,-0.004340547,-0.016128826,0.004694364,-0.026271433,0.004228354,-0.097600897,-0.233360895,-0.118757295,-0.155893115,-0.089706147,-0.140473845
3,2,500,8,1,Skew,gls.model,1,1,0.001889987,0.333424893,0.131056528,0.04,0.04,0.04,0.009990734,0.013493522,0.4641961,0.413272123,0.788025024,0.263419708,0.322677639,0.392324298,-0.000431866,0.000393843,-0.033381029,0.019758706,-0.020623072,-0.003808022,-0.009300932,0.003818337,-0.025878652,0.004022905,-0.448719346,-0.617317965,-0.48746741,-0.668478297,-0.445406902,-0.548173599
3,2,500,8,1,Skew,gls.s,1,1,0.001889987,0.333424893,0.131056528,0.04,0.04,0.04,0.009990734,0.013493522,0.4641961,0.413272123,0.788025024,0.263419708,0.322677639,0.392324298,-0.000431866,0.000393843,-0.033381029,0.019758706,-0.020623072,-0.003808022,-0.009300932,0.003818337,-0.025878652,0.004022905,-0.448719346,-0.617317965,-0.48746741,-0.668478297,-0.445406902,-0.548173599
3,2,500,8,1,Skew,ls,1,1,0.047275301,0.333434706,0.970454277,0.668,0.04,0.04,0.010020114,0.013542645,0.4641961,0.413272123,0.788025024,0.263419708,0.322677639,0.392324298,-0.000214132,0.000405007,-0.033381029,0.019758706,-0.020623072,-0.003808022,-0.009300932,0.003818337,-0.918437336,-0.883184014,-0.990202474,-0.994793062,-0.99431758,-0.996186955,-0.992078987,-0.994433808
3,2,500,8,1,Skew,wls,1,0,0.001889987,0.30865357,0.10786253,0.04,0.04,0.04,0.009990734,0.013493522,0.455121528,0.359536346,0.701402341,0.25868839,0.316999166,0.353996532,-0.000431866,0.000393843,-0.054269967,-0.015566617,-0.048270134,-0.004530473,-0.01653412,0.004374814,-0.025878652,0.004022905,-0.101969358,-0.233438631,-0.114861465,-0.155928328,-0.09048825,-0.136312651
3,2,500,8,1,Skew,fites,0.997,NA,0.054962191,0.333796785,0.132905639,0.040120361,0.04112337,0.04112337,0.009997339,0.013511217,0.46470698,0.414037263,0.787684513,0.263653894,0.323005586,0.393777486,-0.000429745,0.000401447,-0.031804059,0.02149106,-0.018095218,-0.003884291,-0.008273967,0.002590654,-0.027422132,0.001632885,-0.108056584,-0.259979747,-0.204506413,-0.16148814,-0.098472734,-0.201686472
3,2,500,8,1,Skew,fiteu,0.997,NA,0.054962191,0.333796785,0.132905639,0.040120361,0.040120361,0.040120361,0.009997339,0.013511217,0.46470698,0.414037263,0.787684513,0.263653894,0.323005586,0.393777486,-0.000429745,0.000401447,-0.031804059,0.02149106,-0.018095218,-0.003884291,-0.008273967,0.002590654,-0.027422132,0.001632885,-0.108056584,-0.259979747,-0.204506413,-0.16148814,-0.098472734,-0.201686472
3,2,500,8,1,Skew,fitos,0.997,NA,0.054962191,0.333796785,0.132580511,0.040120361,0.04112337,0.04112337,0.009997339,0.013511217,0.46470698,0.414037263,0.787684513,0.263653894,0.323005586,0.393777486,-0.000429745,0.000401447,-0.031804059,0.02149106,-0.018095218,-0.003884291,-0.008273967,0.002590654,-0.027422132,0.001632885,-0.107402888,-0.258954394,-0.204028487,-0.161429532,-0.0982691,-0.201504666
3,2,1000,8,1,Norm,gammaN.model,1,0.89,0.000962045,0.115588263,0.028144122,0.045,0.045,0.045,0.00675801,0.009113973,0.179479441,0.115266825,0.295527275,0.062303921,0.125664308,0.130592354,2.26E-05,0.000648019,0.000960012,-0.005595672,0.003254223,-0.002808003,-0.003364613,-0.003486833,0.026767588,0.062665798,-0.024185703,-0.009713468,-0.055531093,-0.008533331,0.006911724,-0.030844269
3,2,1000,8,1,Norm,gammaN.s,1,0.89,0.00096206,0.115588267,0.028144186,0.045,0.045,0.045,0.006758056,0.009113911,0.179479441,0.115266826,0.295527294,0.062303925,0.125664306,0.130592376,2.26E-05,0.000647997,0.000960074,-0.00559561,0.003254245,-0.002808018,-0.003364586,-0.003486851,0.026760645,0.062672875,-0.024185761,-0.009713563,-0.055531173,-0.008533353,0.006911708,-0.030844408
3,2,1000,8,1,Norm,ridgeI,1,0.99,0.01932667,0.11558947,0.028254851,0.674,0.045,0.045,0.006756928,0.009118675,0.179503825,0.115264449,0.29551337,0.06229855,0.125672071,0.130587895,3.28E-05,0.000657592,0.000955348,-0.005599887,0.003247777,-0.002805701,-0.003363684,-0.003480295,0.027264378,0.062559822,-0.024489236,-0.009855551,-0.055634162,-0.008555196,0.00672033,-0.030960135
3,2,1000,8,1,Norm,ridgeD,1,0.29,0.000307497,0.115598137,0.028545072,0,0.045,0.045,0.006772825,0.009165593,0.179512449,0.115265249,0.295509791,0.062296815,0.12567554,0.130586835,1.17E-05,0.000715956,0.000954161,-0.005602191,0.003246944,-0.00280429,-0.00336421,-0.003478916,0.026513758,0.065487413,-0.0245821,-0.009904755,-0.055663578,-0.008557946,0.006659068,-0.030991961
3,2,1000,8,1,Norm,gls.model,1,1,0.00096206,0.11558943,0.028064291,0.045,0.045,0.045,0.006758056,0.009113911,0.179453899,0.115273104,0.295548531,0.062310124,0.125658282,0.130599536,2.26E-05,0.000647997,0.000967541,-0.005590464,0.003263112,-0.002811648,-0.003365146,-0.003495832,0.026760645,0.062672875,-0.022157366,-0.007596961,-0.054642306,-0.008078595,0.008265763,-0.030076394
3,2,1000,8,1,Norm,gls.s,1,1,0.00096206,0.11558943,0.028064291,0.045,0.045,0.045,0.006758056,0.009113911,0.179453899,0.115273104,0.295548531,0.062310124,0.125658282,0.130599536,2.26E-05,0.000647997,0.000967541,-0.005590464,0.003263112,-0.002811648,-0.003365146,-0.003495832,0.026760645,0.062672875,-0.022157366,-0.007596961,-0.054642306,-0.008078595,0.008265763,-0.030076394
3,2,1000,8,1,Norm,ls,1,1,0.023952949,0.115590219,0.964115319,0.715,0.045,0.045,0.006757245,0.009121029,0.179453899,0.115273104,0.295548531,0.062310124,0.125658282,0.130599536,3.54E-05,0.000660085,0.000967541,-0.005590464,0.003263112,-0.002811648,-0.003365146,-0.003495832,-0.91456018,-0.877181626,-0.982750797,-0.986469014,-0.989549952,-0.988608149,-0.985710908,-0.988091924
3,2,1000,8,1,Norm,wls,1,0,0.00096206,0.115669206,0.028748749,0.045,0.045,0.045,0.006758056,0.009113911,0.179849827,0.115327104,0.295581594,0.062290833,0.125798448,0.130633879,2.26E-05,0.000647997,0.000899658,-0.005637244,0.0031825,-0.002778652,-0.00336006,-0.003414187,0.026760645,0.062672875,-0.027037601,-0.011043701,-0.05643089,-0.008906534,0.005172622,-0.031965124
3,2,1000,8,1,Norm,fites,0.994,NA,0.054962191,0.11556692,0.027750157,0.04527163,0.04527163,0.04527163,0.00677295,0.009095304,0.179664727,0.115451764,0.295229787,0.062207364,0.125931891,0.130181576,1.35E-05,0.000635934,0.001439594,-0.004433494,0.002443835,-0.002727379,-0.003126311,-0.003223472,0.024072925,0.064304904,-0.026024389,-0.013212511,-0.054329442,-0.007446411,0.004033079,-0.028577595
3,2,1000,8,1,Norm,fiteu,0.994,NA,0.054962191,0.11556692,0.027750157,0.04527163,0.04527163,0.04527163,0.00677295,0.009095304,0.179664727,0.115451764,0.295229787,0.062207364,0.125931891,0.130181576,1.35E-05,0.000635934,0.001439594,-0.004433494,0.002443835,-0.002727379,-0.003126311,-0.003223472,0.024072925,0.064304904,-0.026024389,-0.013212511,-0.054329442,-0.007446411,0.004033079,-0.028577595
3,2,1000,8,1,Norm,fitos,0.994,NA,0.054962191,0.11556692,0.027714819,0.04527163,0.046277666,0.046277666,0.00677295,0.009095304,0.179664727,0.115451764,0.295229787,0.062207364,0.125931891,0.130181576,1.35E-05,0.000635934,0.001439594,-0.004433494,0.002443835,-0.002727379,-0.003126311,-0.003223472,0.024072925,0.064304904,-0.025959161,-0.013056251,-0.054300691,-0.007420462,0.004064075,-0.028540086
3,2,1000,8,1,Elliptical,gammaN.model,1,0.63,0.000987331,0.201892614,0.102467955,0.056,0.056,0.056,0.006810751,0.009040047,0.311616706,0.216981411,0.500832408,0.112318388,0.232239642,0.225301562,-6.68E-05,0.000579748,0.007708106,-0.007951224,0.010922965,-0.00430923,-0.001221673,-0.005860502,0.017445053,0.069895955,-0.110966472,-0.155881989,-0.131479568,-0.095773854,-0.133790878,-0.104509875
3,2,1000,8,1,Elliptical,gammaN.s,1,0.68,0.000984339,0.20197945,0.102446248,0.056,0.056,0.056,0.00680783,0.009035934,0.311920257,0.217314891,0.500890006,0.112404382,0.232175234,0.225287064,-6.66E-05,0.000581232,0.008018626,-0.007627037,0.011078474,-0.004271951,-0.001031867,-0.005868761,0.017879199,0.070392261,-0.111107713,-0.156382122,-0.130952937,-0.096048808,-0.133046739,-0.103760205
3,2,1000,8,1,Elliptical,ridgeI,1,0.98,0.016557643,0.201914951,0.102831005,0.647,0.056,0.056,0.006801974,0.00904514,0.311443639,0.216530944,0.50148529,0.112291776,0.232151386,0.225569463,-6.37E-05,0.000586893,0.007742822,-0.007901705,0.010940471,-0.004258695,-0.00116229,-0.005813131,0.019397668,0.070040549,-0.110787575,-0.154897279,-0.13249156,-0.095772216,-0.133612481,-0.10564871
3,2,1000,8,1,Elliptical,ridgeD,1,0.2,0.000398818,0.201783187,0.102925614,0.001,0.056,0.056,0.006806788,0.009058596,0.311397695,0.216404174,0.500842667,0.112419457,0.231978903,0.225357214,-8.21E-05,0.000641309,0.007786543,-0.007764562,0.010934111,-0.004228392,-0.001138977,-0.005795969,0.020018695,0.074947252,-0.110151134,-0.153921071,-0.130857228,-0.096572006,-0.132564039,-0.104373488
3,2,1000,8,1,Elliptical,gls.model,1,1,0.000984339,0.202318906,0.100125266,0.056,0.056,0.056,0.00680783,0.009035934,0.313745464,0.218712242,0.500554157,0.112974445,0.231795715,0.224925459,-6.66E-05,0.000581232,0.009741843,-0.005910419,0.012155135,-0.004034795,4.95E-05,-0.005966422,0.017879199,0.070392261,-0.444287146,-0.476591474,-0.445675682,-0.452555532,-0.454620313,-0.434507435
3,2,1000,8,1,Elliptical,gls.s,1,1,0.000984339,0.202318906,0.100125266,0.056,0.056,0.056,0.00680783,0.009035934,0.313745464,0.218712242,0.500554157,0.112974445,0.231795715,0.224925459,-6.66E-05,0.000581232,0.009741843,-0.005910419,0.012155135,-0.004034795,4.95E-05,-0.005966422,0.017879199,0.070392261,-0.444287146,-0.476591474,-0.445675682,-0.452555532,-0.454620313,-0.434507435
3,2,1000,8,1,Elliptical,ls,1,1,0.024511394,0.202320584,0.968435842,0.718,0.056,0.056,0.006801915,0.009055274,0.313745464,0.218712242,0.500554157,0.112974445,0.231795715,0.224925459,-6.21E-05,0.000589485,0.009741843,-0.005910419,0.012155135,-0.004034795,4.95E-05,-0.005966422,-0.915110646,-0.876343038,-0.990215171,-0.992872003,-0.993882662,-0.993711602,-0.992283007,-0.993068605
3,2,1000,8,1,Elliptical,wls,1,0,0.000984339,0.203538236,0.108972289,0.056,0.056,0.056,0.00680783,0.009035934,0.311826753,0.218241475,0.507559105,0.111777419,0.234627706,0.228429667,-6.66E-05,0.000581232,0.00435679,-0.01127485,0.008790568,-0.004775908,-0.003329788,-0.00566123,0.017879199,0.070392261,-0.114495924,-0.163868877,-0.145863048,-0.093525691,-0.144657035,-0.121096279
3,2,1000,8,1,Elliptical,fites,0.995,NA,0.054962191,0.202632511,0.101966915,0.056281407,0.056281407,0.056281407,0.006791886,0.009015546,0.314299843,0.219094334,0.501290123,0.113175379,0.232279473,0.225113508,-6.67E-05,0.000621006,0.010385492,-0.004731273,0.012347469,-0.004083138,0.000453774,-0.006000551,0.019788949,0.072614307,-0.112849699,-0.157841839,-0.126766564,-0.098687906,-0.129650813,-0.097535246
3,2,1000,8,1,Elliptical,fiteu,0.995,NA,0.054962191,0.202632511,0.101966915,0.056281407,0.056281407,0.056281407,0.006791886,0.009015546,0.314299843,0.219094334,0.501290123,0.113175379,0.232279473,0.225113508,-6.67E-05,0.000621006,0.010385492,-0.004731273,0.012347469,-0.004083138,0.000453774,-0.006000551,0.019788949,0.072614307,-0.112849699,-0.157841839,-0.126766564,-0.098687906,-0.129650813,-0.097535246
3,2,1000,8,1,Elliptical,fitos,0.995,NA,0.054962191,0.202632511,0.101890463,0.056281407,0.058291457,0.058291457,0.006791886,0.009015546,0.314299843,0.219094334,0.501290123,0.113175379,0.232279473,0.225113508,-6.67E-05,0.000621006,0.010385492,-0.004731273,0.012347469,-0.004083138,0.000453774,-0.006000551,0.019788949,0.072614307,-0.112703029,-0.157551147,-0.12670544,-0.098696094,-0.129559457,-0.09750528
3,2,1000,8,1,Skew,gammaN.model,1,0.33,0.001012646,0.221134381,0.092063778,0.052,0.049,0.049,0.007150874,0.009343152,0.332746816,0.228465168,0.482467639,0.194000567,0.251968803,0.262932027,-0.000318283,-0.000222725,-0.020500896,-0.0121014,-0.010301845,0.00196509,0.000690796,-0.001324954,-0.03107344,0.030451438,-0.103710744,-0.104131761,-0.087028716,-0.1327104,-0.126343921,-0.121059808
3,2,1000,8,1,Skew,gammaN.s,1,0.31,0.001005875,0.221435637,0.093100077,0.049,0.049,0.049,0.007148065,0.009336263,0.333126179,0.228848542,0.483572221,0.19406156,0.25209586,0.263296404,-0.000345009,-0.000226173,-0.02089615,-0.011401072,-0.010803266,0.001970697,0.000687189,-0.001278067,-0.030508226,0.031221331,-0.104565388,-0.107389083,-0.088824518,-0.133029937,-0.126854659,-0.12240747
3,2,1000,8,1,Skew,ridgeI,1,0.93,0.009314278,0.221142402,0.092185347,0.537,0.049,0.049,0.007144284,0.009326335,0.332718676,0.228371007,0.482540744,0.194030414,0.252021975,0.262985781,-0.000301988,-0.000219077,-0.020204943,-0.012169569,-0.009864889,0.002023524,0.000733217,-0.001330127,-0.030093621,0.032534071,-0.10376152,-0.102952222,-0.087504799,-0.132870497,-0.126538604,-0.121227446
3,2,1000,8,1,Skew,ridgeD,1,0.06,0.000691124,0.220945879,0.092005795,0.019,0.049,0.049,0.007160643,0.009317982,0.332896437,0.228330359,0.481735812,0.194108877,0.251415482,0.262601444,-0.000302451,-0.000233169,-0.02050517,-0.012044508,-0.010172827,0.002117864,0.000504593,-0.001192673,-0.032016631,0.035061107,-0.103685625,-0.102547262,-0.08546735,-0.133181469,-0.124151464,-0.119935455
3,2,1000,8,1,Skew,gls.model,1,1,0.001005875,0.22640031,0.092346945,0.049,0.049,0.049,0.007148065,0.009336263,0.344401442,0.254443082,0.487435641,0.196321454,0.248744631,0.2633719,-0.000345009,-0.000226173,-0.018086721,0.001784884,-0.006390119,0.003451889,0.000457919,-0.000150989,-0.030508226,0.031221331,-0.481443074,-0.553767148,-0.421957362,-0.686388797,-0.493585471,-0.521644505
3,2,1000,8,1,Skew,gls.s,1,1,0.001005875,0.22640031,0.092346945,0.049,0.049,0.049,0.007148065,0.009336263,0.344401442,0.254443082,0.487435641,0.196321454,0.248744631,0.2633719,-0.000345009,-0.000226173,-0.018086721,0.001784884,-0.006390119,0.003451889,0.000457919,-0.000150989,-0.030508226,0.031221331,-0.481443074,-0.553767148,-0.421957362,-0.686388797,-0.493585471,-0.521644505
3,2,1000,8,1,Skew,ls,1,1,0.025005434,0.226397278,0.97009328,0.72,0.049,0.049,0.00714648,0.009313593,0.344401442,0.254443082,0.487435641,0.196321454,0.248744631,0.2633719,-0.000218865,-0.000206923,-0.018086721,0.001784884,-0.006390119,0.003451889,0.000457919,-0.000150989,-0.919156312,-0.879902249,-0.990824715,-0.993922134,-0.993602059,-0.996410059,-0.99281175,-0.99411696
3,2,1000,8,1,Skew,wls,1,0,0.001005875,0.22248485,0.096619344,0.049,0.049,0.049,0.007148065,0.009336263,0.332661259,0.228539777,0.48850278,0.193827511,0.254689155,0.265173992,-0.000345009,-0.000226173,-0.022158357,-0.017325197,-0.012785984,0.001305233,0.000790195,-0.001784436,-0.030508226,0.031221331,-0.104557951,-0.110359416,-0.09830423,-0.13202743,-0.136693879,-0.129282293
3,2,1000,8,1,Skew,fites,0.997,NA,0.054962191,0.226594197,0.093606863,0.049147442,0.050150451,0.050150451,0.007151532,0.009347696,0.344493338,0.25491027,0.487665696,0.196461819,0.2489577,0.263765527,-0.00033717,-0.000236888,-0.017312693,0.002491412,-0.005253557,0.003297987,0.001236775,-0.000856539,-0.031529695,0.029391974,-0.115661141,-0.126308494,-0.082402894,-0.140366164,-0.108479852,-0.114714693
3,2,1000,8,1,Skew,fiteu,0.997,NA,0.054962191,0.226594197,0.093606863,0.049147442,0.049147442,0.049147442,0.007151532,0.009347696,0.344493338,0.25491027,0.487665696,0.196461819,0.2489577,0.263765527,-0.00033717,-0.000236888,-0.017312693,0.002491412,-0.005253557,0.003297987,0.001236775,-0.000856539,-0.031529695,0.029391974,-0.115661141,-0.126308494,-0.082402894,-0.140366164,-0.108479852,-0.114714693
3,2,1000,8,1,Skew,fitos,0.997,NA,0.054962191,0.226594197,0.093463525,0.049147442,0.05115346,0.05115346,0.007151532,0.009347696,0.344493338,0.25491027,0.487665696,0.196461819,0.2489577,0.263765527,-0.00033717,-0.000236888,-0.017312693,0.002491412,-0.005253557,0.003297987,0.001236775,-0.000856539,-0.031529695,0.029391974,-0.115418405,-0.125680527,-0.082226017,-0.140361652,-0.108415895,-0.114684033